,route,name,type,departure_time,arrival_time,duration,price,seats_available,rating
0,Patiala to Delhi,PEPSU (Punjab) - 67139,AC Seater Hvac 2+2,09:05,14:06,05h 01m,INR 440,40 Seats available,3.0
1,Patiala to Delhi,PEPSU (Punjab) - 66648,Volvo AC Seater (2+2),09:50,14:11,04h 21m,INR 692,28 Seats available,3.6
2,Patiala to Delhi,PEPSU (Punjab) - 66649,Volvo AC Seater (2+2),12:40,18:49,06h 09m,INR 692,33 Seats available,4.1
3,Patiala to Delhi,PEPSU (Punjab) - 67101,AC Seater Hvac 2+2,15:25,20:26,05h 01m,INR 440,38 Seats available,3.2
4,Patiala to Delhi,PEPSU (Punjab) - 67142,Volvo AC Seater (2+2),16:00,21:25,05h 25m,INR 692,31 Seats available,4.2
5,Patiala to Delhi,PEPSU (Punjab) - 66687,Volvo AC Seater (2+2),18:10,00:19,06h 09m,INR 692,35 Seats available,4.0
6,Patiala to Delhi,PEPSU (Punjab) - 67104,AC Seater Hvac 2+2,22:30,03:31,05h 01m,INR 440,41 Seats available,3.0
7,Delhi to Patiala,PEPSU (Punjab) - 67069,Volvo AC Seater (2+2),08:00,13:30,05h 30m,INR 692,29 Seats available,4.3
8,Delhi to Patiala,PEPSU (Punjab) - 67105,AC Seater Hvac 2+2,09:50,15:20,05h 30m,INR 440,38 Seats available,3.2
9,Delhi to Patiala,PEPSU (Punjab) - 67160,Volvo AC Seater (2+2),11:46,17:15,05h 29m,INR 692,37 Seats available,4.0
10,Delhi to Patiala,PEPSU (Punjab) - 66665,Volvo AC Seater (2+2),14:01,19:00,04h 59m,INR 692,35 Seats available,4.1
11,Delhi to Patiala,PEPSU (Punjab) - 66689,Volvo AC Seater (2+2),15:25,20:25,05h 00m,INR 692,35 Seats available,3.9
12,Delhi to Patiala,PEPSU (Punjab) - 67140,AC Seater Hvac 2+2,16:30,22:00,05h 30m,INR 440,41 Seats available,3.1
13,Delhi to Patiala,PEPSU (Punjab) - 66667,Volvo AC Seater (2+2),17:30,22:30,05h 00m,INR 692,31 Seats available,4.2
14,Delhi to Patiala,PEPSU (Punjab) - 67103,AC Seater Hvac 2+2,22:31,04:00,05h 29m,INR 440,24 Seats available,3.2
15,Ludhiana to Delhi,PEPSU (Punjab) - 67162,Volvo AC Seater (2+2),15:00,22:30,07h 30m,INR 845,34 Seats available,2.5
16,Ludhiana to Delhi,PEPSU (Punjab) - 67096,Volvo AC Seater (2+2),16:10,23:10,07h 00m,INR 845,37 Seats available,3.8
17,Ludhiana to Delhi,PEPSU (Punjab) - 67135,Volvo AC Seater (2+2),17:33,01:33,08h 00m,INR 845,38 Seats available,2.2
18,Ludhiana to Delhi,PEPSU (Punjab) - 67098,Volvo AC Seater (2+2),19:50,03:35,07h 45m,INR 845,34 Seats available,4.5
19,Ludhiana to Delhi,PEPSU (Punjab) - 67128,Volvo AC Seater (2+2),20:50,04:10,07h 20m,INR 845,36 Seats available,4.6
20,Ludhiana to Delhi,PEPSU (Punjab) - 67137,Volvo AC Seater (2+2),21:50,04:55,07h 05m,INR 845,34 Seats available,4.2
21,Ludhiana to Delhi,Yolo Bus,VE A/C Seater / Sleeper (2+1),22:27,05:00,06h 33m,INR 459,24 Seats available,4.6
22,Ludhiana to Delhi,Laxmi holidays,VE A/C Sleeper (2+1),23:55,07:00,07h 05m,570,20 Seats available,4.3
23,Ludhiana to Delhi,IntrCity SmartBus,AC Sleeper (2+1),22:50,05:45,06h 55m,INR 664,18 Seats available,4.4
24,Ludhiana to Delhi,AdArmaan Tour & Travels,A/C Seater / Sleeper (2+1),22:50,06:00,07h 10m,524,47 Seats available,3.5
25,Ludhiana to Delhi,IntrCity SmartBus,Bharat Benz A/C Seater /Sleeper (2+1),23:55,06:05,06h 10m,INR 401,37 Seats available,4.4
26,Ludhiana to Delhi,IntrCity SmartBus,A/C Seater / Sleeper (2+1),22:45,06:20,07h 35m,INR 642,16 Seats available,4.5
27,Ludhiana to Delhi,NueGo,Electric A/C Seater (2+2),18:00,23:50,05h 50m,380,36 Seats available,3.6
28,Ludhiana to Delhi,AdIndia Tours & Travels (GetBookCab),A/C Semi Sleeper / Sleeper (2+2),00:55,06:30,05h 35m,INR 499,26 Seats available,2.8
29,Ludhiana to Delhi,Zingbus Plus,Bharat Benz A/C Seater /Sleeper (2+1),23:50,06:40,06h 50m,566,28 Seats available,4.7
30,Ludhiana to Delhi,NueGo,Electric A/C Seater (2+2),07:00,12:50,05h 50m,380,17 Seats available,3.3
31,Ludhiana to Delhi,NueGo,Electric A/C Seater (2+2),11:00,16:50,05h 50m,380,26 Seats available,3.0
32,Ludhiana to Delhi,IntrCity SmartBus,A/C Seater / Sleeper (2+1),23:40,06:00,06h 20m,INR 480,32 Seats available,4.2
33,Ludhiana to Delhi,Golden Temple Express Volvo,A/C Seater / Sleeper (2+2),23:25,05:20,05h 55m,499,28 Seats available,4.1
34,Ludhiana to Delhi,NueGo,Electric A/C Seater (2+2),23:15,05:05,05h 50m,391,29 Seats available,3.7
35,Ludhiana to Delhi,NueGo,Electric A/C Seater (2+2),13:00,18:50,05h 50m,380,29 Seats available,2.7
36,Ludhiana to Delhi,IntrCity SmartBus,A/C Seater / Sleeper (2+1),23:45,06:00,06h 15m,INR 588,28 Seats available,3.7
37,Ludhiana to Delhi,Golden Temple Express Volvo,A/C Seater / Sleeper (2+2),23:30,05:20,05h 50m,549,29 Seats available,3.8
38,Ludhiana to Delhi,NueGo,Electric A/C Seater (2+2),08:50,14:25,05h 35m,475,25 Seats available,3.1
39,Ludhiana to Delhi,ADTC tour and Travels,Bharat Benz A/C Seater /Sleeper (2+1),23:55,05:15,05h 20m,INR 550,26 Seats available,2.7
40,Ludhiana to Delhi,IntrCity SmartBus,VE A/C Seater / Sleeper (2+1),23:45,05:55,06h 10m,INR 553,29 Seats available,4.4
41,Ludhiana to Delhi,NueGo,Electric A/C Seater (2+2),00:05,05:55,05h 50m,396,36 Seats available,3.2
42,Ludhiana to Delhi,Muskan Tour And Travels private Limited,Volvo Multi-Axle I-Shift B11R Semi Sleeper (2+2),23:59,05:55,05h 56m,508,17 Seats available,4.2
43,Ludhiana to Delhi,Golden Temple Express Volvo,A/C Seater / Sleeper (2+2),23:58,06:50,06h 52m,599,32 Seats available,3.6
44,Ludhiana to Delhi,Golden Temple Express Volvo,A/C Seater/Sleeper (2+1),23:59,05:10,05h 11m,499,2 Seats available,3.6
45,Ludhiana to Delhi,Classic Travels,A/C Seater / Sleeper (2+2),23:55,06:55,07h 00m,INR 389,38 Seats available,2.6
46,Ludhiana to Delhi,Classic Travels,A/C Seater / Sleeper (2+2),23:30,06:30,07h 00m,INR 389,38 Seats available,2.5
47,Ludhiana to Delhi,Kedara Bus,A/C Seater / Sleeper (2+1),23:35,05:15,05h 40m,999,36 Seats available,4.5
48,Ludhiana to Delhi,NueGo,Electric A/C Seater/Sleeper (2+1),14:20,21:05,06h 45m,475,21 Seats available,3.2
49,Ludhiana to Delhi,Prince Travels,A/C Seater / Sleeper (2+2),00:50,06:00,05h 10m,INR 1099,42 Seats available,3.1
50,Ludhiana to Delhi,Classic Travels,A/C Seater / Sleeper (2+2),11:55,18:55,07h 00m,INR 380,36 Seats available,2.8
51,Ludhiana to Delhi,Khurana Bus Service,Bharat Benz A/C Seater (2+2),15:25,21:30,06h 05m,INR 599,31 Seats available,4.0
52,Ludhiana to Delhi,Golden Temple Express Volvo,A/C Seater / Sleeper (2+2),23:57,06:50,06h 53m,499,34 Seats available,3.7
53,Ludhiana to Delhi,Vijay Tour and Travels,Bharat Benz A/C Seater /Sleeper (2+1),17:50,00:10,06h 20m,1018,33 Seats available,2.2
54,Ludhiana to Delhi,Golden Temple Express Volvo,A/C Seater / Sleeper (2+2),23:59,06:30,06h 31m,499,34 Seats available,2.4
55,Ludhiana to Delhi,MM Travels,A/C Seater / Sleeper (2+2),22:30,06:00,07h 30m,INR 349,40 Seats available,1.4
56,Ludhiana to Delhi,Travel Point,A/C Seater / Sleeper (2+2),23:25,05:20,05h 55m,949,50 Seats available,3.6
57,Ludhiana to Delhi,SHREE SATGURU TRAVELS,A/C Seater / Sleeper (2+2),23:55,06:10,06h 15m,INR 999,38 Seats available,2.8
58,Ludhiana to Delhi,India Tours & Travels (GetBookCab),A/C Seater / Sleeper (2+2),00:40,06:00,05h 20m,INR 499,33 Seats available,2.8
59,Ludhiana to Delhi,Classic Travels,A/C Seater / Sleeper (2+2),10:45,17:45,31h 00m,INR 399,29 Seats available,2.6
60,Delhi to Ludhiana,PEPSU (Punjab) - 67130,Volvo AC Seater (2+2),08:25,15:35,07h 10m,INR 845,38 Seats available,4.9
61,Delhi to Ludhiana,PEPSU (Punjab) - 66620,Volvo AC Seater (2+2),09:05,15:05,06h 00m,INR 845,36 Seats available,3.8
62,Delhi to Ludhiana,PEPSU (Punjab) - 67122,Volvo AC Seater (2+2),11:10,17:30,06h 20m,INR 845,39 Seats available,3.2
63,Delhi to Ludhiana,PEPSU (Punjab) - 67123,Volvo AC Seater (2+2),13:45,19:55,06h 10m,INR 845,39 Seats available,3.3
64,Delhi to Ludhiana,PEPSU (Punjab) - 67132,Volvo AC Seater (2+2),17:40,23:40,06h 00m,INR 845,39 Seats available,3.2
65,Delhi to Ludhiana,PEPSU (Punjab) - 67121,Volvo AC Seater (2+2),21:50,04:50,07h 00m,INR 845,37 Seats available,3.4
66,Delhi to Ludhiana,RSRTC - 170038,Express Non AC Seater 2+3,16:00,23:00,07h 00m,INR 395,42 Seats available,2.2
67,Delhi to Ludhiana,RSRTC - 156675,Express Non AC Seater 2+3,22:30,05:15,06h 45m,INR 391,42 Seats available,2.2
68,Delhi to Ludhiana,Yolo Bus,VE A/C Seater / Sleeper (2+1),23:30,05:24,05h 54m,INR 630,14 Seats available,4.6
69,Delhi to Ludhiana,Laxmi holidays,Bharat Benz A/C Seater /Sleeper (2+1),22:20,05:00,06h 40m,622,28 Seats available,4.5
70,Delhi to Ludhiana,Laxmi holidays,Bharat Benz A/C Sleeper (2+1),23:40,06:40,07h 00m,886,18 Seats available,4.3
71,Delhi to Ludhiana,AdGolden Temple Express Volvo,A/C Seater / Sleeper (2+2),22:58,05:20,06h 22m,699,25 Seats available,4.0
72,Delhi to Ludhiana,IntrCity SmartBus,A/C Seater / Sleeper (2+1),21:45,05:35,07h 50m,INR 536,31 Seats available,4.6
73,Delhi to Ludhiana,Laxmi holidays,VE A/C Sleeper (2+1),23:00,06:50,07h 50m,760,23 Seats available,4.3
74,Delhi to Ludhiana,Laxmi holidays,Bharat Benz A/C Sleeper (2+1),23:30,06:30,07h 00m,760,28 Seats available,4.3
75,Delhi to Ludhiana,Zingbus Plus,Bharat Benz A/C Seater /Sleeper (2+1),21:15,03:15,06h 00m,1101,2 Seats available,4.7
76,Delhi to Ludhiana,IntrCity SmartBus,A/C Seater / Sleeper (2+1),20:00,04:10,08h 10m,INR 666,27 Seats available,4.2
77,Delhi to Ludhiana,Zingbus Plus,Scania A/C Semi Sleeper (2+2),22:50,05:25,06h 35m,578,15 Seats available,4.2
78,Delhi to Ludhiana,IntrCity SmartBus,A/C Seater / Sleeper (2+1),20:30,04:30,08h 00m,INR 836,25 Seats available,4.8
79,Delhi to Ludhiana,Yolo Bus,VE A/C Seater / Sleeper (2+1),22:00,04:28,06h 28m,INR 580,22 Seats available,4.2
80,Delhi to Ludhiana,Golden Temple Express Volvo,Volvo Multi-Axle A/C Semi Sleeper (2+2),22:50,05:06,06h 16m,799,30 Seats available,4.2
81,Delhi to Ludhiana,IntrCity SmartBus,A/C Seater / Sleeper (2+1),23:05,06:40,07h 35m,INR 617,25 Seats available,4.4
82,Delhi to Ludhiana,NueGo,Electric A/C Seater (2+2),11:00,17:25,06h 25m,396,34 Seats available,3.7
83,Delhi to Ludhiana,IntrCity SmartBus,Bharat Benz A/C Seater /Sleeper (2+1),21:30,04:50,07h 20m,INR 774,25 Seats available,4.3
84,Delhi to Ludhiana,NueGo,Electric A/C Seater (2+2),07:00,13:25,06h 25m,380,22 Seats available,3.6
85,Delhi to Ludhiana,NueGo,Electric A/C Seater (2+2),13:00,19:25,06h 25m,380,32 Seats available,3.6
86,Delhi to Ludhiana,IntrCity SmartBus,A/C Seater / Sleeper (2+1),21:30,06:00,08h 30m,INR 777,19 Seats available,4.3
87,Delhi to Ludhiana,IntrCity SmartBus,AC Sleeper (2+1),22:30,06:10,07h 40m,INR 656,24 Seats available,4.0
88,Delhi to Ludhiana,NueGo,Electric A/C Seater (2+2),18:00,00:25,06h 25m,515,27 Seats available,3.1
89,Delhi to Ludhiana,IntrCity SmartBus,Bharat Benz A/C Seater /Sleeper (2+1),22:15,06:05,07h 50m,INR 725,22 Seats available,4.6
90,Delhi to Ludhiana,NueGo,Electric A/C Seater (2+2),23:00,05:25,06h 25m,428,33 Seats available,2.8
91,Delhi to Ludhiana,Golden Temple Volvo Bus Service,A/C Seater / Sleeper (2+2),23:40,05:00,05h 20m,INR 686,45 Seats available,2.7
92,Delhi to Ludhiana,Zingbus Plus,Bharat Benz A/C Seater /Sleeper (2+1),23:15,06:00,06h 45m,755,25 Seats available,4.7
93,Delhi to Ludhiana,New Navyug Travels,A/C Sleeper (2+1),22:45,04:30,05h 45m,INR 725,22 Seats available,4.3
94,Delhi to Ludhiana,IntrCity SmartBus,A/C Seater / Sleeper (2+1),22:00,06:10,08h 10m,INR 721,22 Seats available,3.3
95,Delhi to Ludhiana,Classic Travels,A/C Seater / Sleeper (2+2),12:20,19:20,07h 00m,INR 800,24 Seats available,2.6
96,Delhi to Ludhiana,New National Travels,A/C Seater / Sleeper (2+2),23:00,05:00,06h 00m,INR 699,32 Seats available,2.8
97,Delhi to Ludhiana,ADTC tour and Travels,Volvo Multi-Axle I-Shift B11R Semi Sleeper (2+2),22:25,04:00,05h 35m,INR 699,38 Seats available,3.2
98,Delhi to Ludhiana,NueGo,Electric A/C Seater/Sleeper (2+1),22:00,04:40,06h 40m,569,22 Seats available,2.8
99,Delhi to Ludhiana,Classic Travels,A/C Seater / Sleeper (2+2),21:00,04:00,07h 00m,INR 790,16 Seats available,3.4
100,Delhi to Ludhiana,Armaan Tour & Travels,A/C Seater / Sleeper (2+1),14:00,22:05,08h 05m,424,47 Seats available,2.2
101,Delhi to Ludhiana,MM Travels,A/C Seater / Sleeper (2+2),11:00,18:50,07h 50m,INR 799,38 Seats available,2.8
102,Delhi to Ludhiana,Muskan Tour And Travels private Limited,Volvo Multi-Axle I-Shift B11R Semi Sleeper (2+2),22:40,04:00,05h 20m,647,18 Seats available,2.8
103,Delhi to Ludhiana,Classic Travels,A/C Seater / Sleeper (2+2),09:30,16:30,07h 00m,INR 700,27 Seats available,1.4
104,Delhi to Ludhiana,Golden Temple Express Volvo,A/C Seater / Sleeper (2+2),22:40,04:46,06h 06m,699,32 Seats available,2.9
105,Delhi to Ludhiana,Banjara Satguru Travels,A/C Seater / Sleeper (2+2),22:50,04:50,06h 00m,539,31 Seats available,1.6
106,Delhi to Ludhiana,Banjara Satguru Travels,A/C Seater / Sleeper (2+2),23:35,05:05,05h 30m,496,33 Seats available,1.4
107,Delhi to Ludhiana,IntrCity SmartBus,VE A/C Seater / Sleeper (2+1),22:30,06:40,08h 10m,INR 853,23 Seats available,4.4
108,Delhi to Ludhiana,IntrCity SmartBus,A/C Seater / Sleeper (2+1),21:00,04:50,07h 50m,INR 761,25 Seats available,4.4
109,Delhi to Ludhiana,Travel Point,A/C Seater / Sleeper (2+2),21:00,02:21,05h 21m,759,48 Seats available,3.6
110,Delhi to Ludhiana,NueGo,Electric A/C Seater (2+2),23:50,06:15,06h 25m,467,31 Seats available,2.8
111,Delhi to Ludhiana,NueGo,Electric A/C Seater/Sleeper (2+1),10:00,16:40,06h 40m,475,9 Seats available,3.3
112,Delhi to Ludhiana,K.S Travels,A/C Semi Sleeper / Sleeper (2+2),22:40,05:25,06h 45m,INR 1000,40 Seats available,3.3
113,Delhi to Ludhiana,FlixBus,A/C Sleeper (2+1),21:00,04:00,07h 00m,INR 565,12 Seats available,4.9
114,Delhi to Ludhiana,FlixBus,A/C Sleeper (2+1),23:00,05:25,06h 25m,INR 891,6 Seats available,4.4
115,Delhi to Ludhiana,NEW KING BUS SERVICE,A/C Seater / Sleeper (2+2),22:50,04:35,05h 45m,INR 499,26 Seats available,4.2
116,Delhi to Ludhiana,ADTC tour and Travels,Bharat Benz A/C Seater /Sleeper (2+1),22:40,04:00,05h 20m,INR 600,23 Seats available,3.2
117,Delhi to Ludhiana,RK Holiday,A/C Seater / Sleeper (2+2),23:10,05:00,05h 50m,1139,32 Seats available,2.9
118,Delhi to Ludhiana,India Tours & Travels (GetBookCab),A/C Seater / Sleeper (2+2),21:30,04:30,07h 00m,INR 529,19 Seats available,3.2
119,Delhi to Ludhiana,Maheshwaram Travels,A/C Seater / Sleeper (2+2),21:00,04:00,07h 00m,INR 666,33 Seats available,2.0
120,Delhi to Ludhiana,MM Travels,AC Seater (2+2),08:00,16:10,08h 10m,INR 499,37 Seats available,1.0
121,Delhi to Ludhiana,FlixBus,A/C Sleeper (2+1),18:00,01:00,07h 00m,INR 272,18 Seats available,4.6
122,Delhi to Ludhiana,Kedara Bus,A/C Seater / Sleeper (2+1),22:45,05:40,06h 55m,899,40 Seats available,4.5
123,Delhi to Ludhiana,IntrCity SmartBus,Bharat Benz A/C Seater /Sleeper (2+1),20:00,04:30,08h 30m,INR 1237,40 Seats available,4.4
124,Delhi to Ludhiana,R S YADAV SMART BUS PRIVATE LIMITED,VE A/C Sleeper (2+1),21:00,03:15,06h 15m,INR 1199,42 Seats available,4.2
125,Delhi to Ludhiana,Banjara Satguru Travels,A/C Seater / Sleeper (2+1),22:40,04:46,06h 06m,640,38 Seats available,1.5
126,Delhi to Ludhiana,Shri Bawa Lal Tour and Travels,A/C Seater / Sleeper (2+1),22:30,04:30,06h 00m,INR 699,48 Seats available,3.4
127,Delhi to Ludhiana,India Tours & Travels (GetBookCab),A/C Semi Sleeper / Sleeper (2+2),21:45,04:40,06h 55m,INR 650,23 Seats available,3.2
128,Delhi to Ludhiana,CALL2TRIP,A/C Seater / Sleeper (2+2),22:40,04:40,06h 00m,719,44 Seats available,3.0
129,Delhi to Ludhiana,Northern Travels,Bharat Benz A/C Sleeper (2+1),15:30,23:00,07h 30m,INR 999,30 Seats available,2.9
130,Delhi to Ludhiana,MM Travels,AC Seater (2+2),13:30,20:30,07h 00m,INR 1599,35 Seats available,2.0
131,Delhi to Ludhiana,Travel Point World LLP,A/C Seater / Sleeper (2+2),22:15,04:00,05h 45m,759,28 Seats available,1.6
132,Delhi to Ludhiana,Banjara Satguru Travels,A/C Seater / Sleeper (2+2),22:40,04:46,06h 06m,629,39 Seats available,1.5
133,Phagwara to Delhi,PEPSU (Punjab) - 67161,Volvo AC Seater (2+2),08:50,17:15,08h 25m,INR 954,30 Seats available,2.8
134,Phagwara to Delhi,PEPSU (Punjab) - 67096,Volvo AC Seater (2+2),15:20,23:10,07h 50m,INR 954,37 Seats available,4.5
135,Phagwara to Delhi,PEPSU (Punjab) - 67135,Volvo AC Seater (2+2),15:53,01:33,09h 40m,INR 954,38 Seats available,2.6
136,Phagwara to Delhi,PEPSU (Punjab) - 67098,Volvo AC Seater (2+2),18:35,03:35,09h 00m,INR 954,35 Seats available,4.3
137,Phagwara to Delhi,PEPSU (Punjab) - 67128,Volvo AC Seater (2+2),19:30,03:09,07h 39m,INR 954,36 Seats available,4.3
138,Phagwara to Delhi,PEPSU (Punjab) - 67137,Volvo AC Seater (2+2),20:00,04:55,08h 55m,INR 954,35 Seats available,4.5
139,Phagwara to Delhi,IntrCity SmartBus,A/C Seater / Sleeper (2+1),23:20,06:30,07h 10m,INR 365,38 Seats available,4.6
140,Phagwara to Delhi,Laxmi holidays,Bharat Benz A/C Seater /Sleeper (2+1),21:20,05:00,07h 40m,499,28 Seats available,4.4
141,Phagwara to Delhi,Laxmi holidays,VE A/C Sleeper (2+1),23:10,07:00,07h 50m,570,20 Seats available,4.6
142,Phagwara to Delhi,Yolo Bus,VE A/C Seater / Sleeper (2+1),21:37,05:00,07h 23m,INR 459,24 Seats available,4.8
143,Phagwara to Delhi,Laxmi holidays,Bharat Benz A/C Seater /Sleeper (2+1),22:40,06:20,07h 40m,399,40 Seats available,4.3
144,Phagwara to Delhi,New Navyug Travels,A/C Sleeper (2+1),22:00,05:30,07h 30m,INR 675,35 Seats available,4.5
145,Phagwara to Delhi,Laxmi holidays,Bharat Benz A/C Sleeper (2+1),23:35,06:30,06h 55m,570,25 Seats available,4.5
146,Phagwara to Delhi,IntrCity SmartBus,A/C Seater / Sleeper (2+1),22:35,06:00,07h 25m,INR 588,28 Seats available,4.8
147,Phagwara to Delhi,IntrCity SmartBus,AC Sleeper (2+1),21:55,05:45,07h 50m,INR 664,18 Seats available,4.4
148,Phagwara to Delhi,SPEED BUS,Volvo AC Seater (2+2),19:40,03:30,07h 50m,INR 899,31 Seats available,4.8
149,Phagwara to Delhi,IntrCity SmartBus,Bharat Benz A/C Seater /Sleeper (2+1),22:55,06:05,07h 10m,INR 367,37 Seats available,4.2
150,Phagwara to Delhi,IntrCity SmartBus,A/C Seater / Sleeper (2+1),21:55,06:20,08h 25m,INR 642,16 Seats available,4.2
151,Phagwara to Delhi,IntrCity SmartBus,Bharat Benz A/C Seater /Sleeper (2+1),23:45,06:45,07h 00m,INR 430,27 Seats available,4.6
152,Phagwara to Delhi,Muskan Tour And Travels private Limited,Volvo Multi-Axle I-Shift B11R Semi Sleeper (2+2),23:55,05:55,06h 00m,508,17 Seats available,3.8
153,Phagwara to Delhi,IntrCity SmartBus,A/C Seater / Sleeper (2+1),22:45,06:00,07h 15m,INR 480,32 Seats available,3.8
154,Phagwara to Delhi,NueGo,Electric A/C Seater (2+2),07:25,14:25,07h 00m,523,23 Seats available,2.8
155,Phagwara to Delhi,Golden Temple Express Volvo,A/C Seater / Sleeper (2+2),22:45,05:20,06h 35m,499,28 Seats available,2.9
156,Phagwara to Delhi,ADTC tour and Travels,Volvo Multi-Axle I-Shift B11R Semi Sleeper (2+2),22:55,05:10,06h 15m,INR 600,41 Seats available,3.3
157,Phagwara to Delhi,Khurana Bus Service,Volvo A/C (2+2),18:55,02:40,07h 45m,740,32 Seats available,2.6
158,Phagwara to Delhi,IntrCity SmartBus,VE A/C Seater / Sleeper (2+1),22:55,05:55,07h 00m,INR 553,29 Seats available,4.4
159,Phagwara to Delhi,Zingbus Plus,Scania A/C Semi Sleeper (2+2),23:10,06:00,06h 50m,376,31 Seats available,5.0
160,Phagwara to Delhi,Zingbus Plus,Bharat Benz A/C Seater /Sleeper (2+1),22:45,06:40,07h 55m,592,28 Seats available,4.3
161,Phagwara to Delhi,Golden Temple Express Volvo,A/C Seater / Sleeper (2+2),23:55,06:50,06h 55m,599,28 Seats available,3.7
162,Phagwara to Delhi,NueGo,Electric A/C Seater/Sleeper (2+1),12:55,21:05,08h 10m,523,21 Seats available,3.3
163,Phagwara to Delhi,ADTC tour and Travels,Bharat Benz A/C Seater /Sleeper (2+1),23:35,05:15,05h 40m,INR 550,26 Seats available,3.3
164,Phagwara to Delhi,Prince Travels,A/C Seater / Sleeper (2+2),23:55,06:00,06h 05m,INR 1099,42 Seats available,3.1
165,Phagwara to Delhi,Kedara Bus,A/C Seater / Sleeper (2+1),23:00,05:15,06h 15m,999,36 Seats available,4.7
166,Phagwara to Delhi,Vijay Tour and Travels,Bharat Benz A/C Seater /Sleeper (2+1),17:00,00:10,07h 10m,833,35 Seats available,2.8
167,Phagwara to Delhi,Golden Temple Express Volvo,A/C Seater / Sleeper (2+2),23:57,06:30,06h 33m,499,34 Seats available,2.3
168,Phagwara to Delhi,Golden Temple Express Volvo,A/C Seater / Sleeper (2+2),23:55,06:50,06h 55m,499,34 Seats available,2.0
169,Phagwara to Delhi,SPEED BUS,Volvo A/C Semi Sleeper (2+2),15:30,22:10,06h 40m,1199,41 Seats available,2.0
170,Phagwara to Delhi,India Tours & Travels (GetBookCab),A/C Seater / Sleeper (2+2),00:15,06:00,05h 45m,INR 499,33 Seats available,3.9
171,Phagwara to Delhi,India Tours & Travels (GetBookCab),A/C Semi Sleeper / Sleeper (2+2),00:30,06:30,06h 00m,INR 499,26 Seats available,3.9
172,Phagwara to Delhi,SPEED BUS,Volvo A/C Semi Sleeper (2+2),14:10,10:25,20h 15m,999,41 Seats available,3.6
173,Phagwara to Delhi,Shree Mahaveer Travels Jaipur,A/C Seater/Sleeper (2+1),18:00,01:55,07h 55m,INR 599,36 Seats available,3.5
174,Phagwara to Delhi,Shri Bawa Lal Tour and Travels,A/C Seater / Sleeper (2+1),23:50,07:00,07h 10m,INR 665.71,48 Seats available,3.4
175,Phagwara to Delhi,SHREE SATGURU TRAVELS,A/C Seater / Sleeper (2+2),23:58,06:00,06h 02m,INR 499,38 Seats available,2.8
176,Phagwara to Delhi,SHREE SATGURU TRAVELS,A/C Seater / Sleeper (2+2),23:55,06:10,06h 15m,INR 499,38 Seats available,2.8
177,Phagwara to Delhi,Khurana Bus Service,Bharat Benz A/C Seater (2+2),14:50,21:30,06h 40m,INR 599,26 Seats available,2.6
178,Phagwara to Delhi,Armaan Tour & Travels,A/C Seater / Sleeper (2+1),21:20,06:00,08h 40m,719,48 Seats available,2.4
179,Jalandhar to Delhi,PEPSU (Punjab) - 67161,Volvo AC Seater (2+2),08:30,17:15,08h 45m,INR 1007,30 Seats available,3.5
180,Jalandhar to Delhi,PEPSU (Punjab) - 67096,Volvo AC Seater (2+2),15:00,23:10,08h 10m,INR 1007,37 Seats available,3.2
181,Jalandhar to Delhi,PEPSU (Punjab) - 67135,Volvo AC Seater (2+2),15:33,01:33,10h 00m,INR 1007,38 Seats available,3.2
182,Jalandhar to Delhi,PEPSU (Punjab) - 67098,Volvo AC Seater (2+2),18:10,03:35,09h 25m,INR 1007,35 Seats available,4.1
183,Jalandhar to Delhi,PEPSU (Punjab) - 67128,Volvo AC Seater (2+2),19:10,04:10,09h 00m,INR 1007,36 Seats available,4.1
184,Jalandhar to Delhi,Yolo Bus,VE A/C Seater / Sleeper (2+1),23:26,06:28,07h 02m,INR 400,21 Seats available,4.6
185,Jalandhar to Delhi,Laxmi holidays,Bharat Benz A/C Seater /Sleeper (2+1),21:05,05:00,07h 55m,499,28 Seats available,4.5
186,Jalandhar to Delhi,IntrCity SmartBus,A/C Seater / Sleeper (2+1),23:10,06:30,07h 20m,INR 365,38 Seats available,4.6
187,Jalandhar to Delhi,AdIndia Tours & Travels (GetBookCab),A/C Semi Sleeper / Sleeper (2+2),00:15,06:30,06h 15m,INR 499,26 Seats available,4.6
188,Jalandhar to Delhi,Laxmi holidays,VE A/C Sleeper (2+1),23:05,07:00,07h 55m,570,20 Seats available,4.5
189,Jalandhar to Delhi,Yolo Bus,VE A/C Seater / Sleeper (2+1),21:11,05:00,07h 49m,INR 459,24 Seats available,4.4
190,Jalandhar to Delhi,IntrCity SmartBus,A/C Seater / Sleeper (2+1),22:30,06:00,07h 30m,INR 480,32 Seats available,4.4
191,Jalandhar to Delhi,IntrCity SmartBus,AC Sleeper (2+1),21:30,05:45,08h 15m,INR 664,18 Seats available,4.5
192,Jalandhar to Delhi,Laxmi holidays,Bharat Benz A/C Sleeper (2+1),23:25,06:30,07h 05m,570,25 Seats available,4.4
193,Jalandhar to Delhi,Zingbus Plus,Scania A/C Semi Sleeper (2+2),23:00,06:00,07h 00m,376,31 Seats available,4.6
194,Jalandhar to Delhi,Laxmi holidays,Bharat Benz A/C Seater /Sleeper (2+1),22:35,06:20,07h 45m,399,40 Seats available,4.2
195,Jalandhar to Delhi,IntrCity SmartBus,Bharat Benz A/C Seater /Sleeper (2+1),22:45,06:05,07h 20m,INR 387,37 Seats available,4.2
196,Jalandhar to Delhi,IntrCity SmartBus,A/C Seater / Sleeper (2+1),21:20,06:20,09h 00m,INR 642,16 Seats available,4.6
197,Jalandhar to Delhi,Laxmi holidays,Bharat Benz A/C Sleeper (2+1),23:55,07:30,07h 35m,570,17 Seats available,4.2
198,Jalandhar to Delhi,IntrCity SmartBus,A/C Seater / Sleeper (2+1),23:55,07:15,07h 20m,INR 365,40 Seats available,4.0
199,Jalandhar to Delhi,IntrCity SmartBus,Bharat Benz A/C Seater /Sleeper (2+1),23:35,06:45,07h 10m,INR 430,27 Seats available,4.4
200,Jalandhar to Delhi,R S YADAV SMART BUS PRIVATE LIMITED,Volvo Multi Axle B11R AC Seater\Sleeper (2+1),22:55,05:35,06h 40m,INR 599,25 Seats available,4.2
201,Jalandhar to Delhi,Golden Temple Express Volvo,A/C Seater / Sleeper (2+2),22:30,05:20,06h 50m,499,28 Seats available,3.8
202,Jalandhar to Delhi,Zingbus Plus,Bharat Benz A/C Seater /Sleeper (2+1),22:35,06:40,08h 05m,534,30 Seats available,4.9
203,Jalandhar to Delhi,IntrCity SmartBus,A/C Seater / Sleeper (2+1),22:15,06:00,07h 45m,INR 588,28 Seats available,4.5
204,Jalandhar to Delhi,Muskan Tour And Travels private Limited,Volvo Multi-Axle I-Shift B11R Semi Sleeper (2+2),23:35,05:55,06h 20m,508,17 Seats available,4.5
205,Jalandhar to Delhi,SPEED BUS,Volvo AC Seater (2+2),19:00,03:30,08h 30m,INR 899,31 Seats available,3.2
206,Jalandhar to Delhi,Khurana Bus Service,Volvo A/C (2+2),18:35,02:40,08h 05m,740,24 Seats available,3.4
207,Jalandhar to Delhi,NueGo,Electric A/C Seater (2+2),07:10,14:25,07h 15m,523,23 Seats available,2.2
208,Jalandhar to Delhi,Kedara Bus,A/C Seater / Sleeper (2+1),22:30,05:15,06h 45m,999,36 Seats available,4.4
209,Jalandhar to Delhi,ADTC tour and Travels,Bharat Benz A/C Seater /Sleeper (2+1),23:10,05:15,06h 05m,INR 550,26 Seats available,2.5
210,Jalandhar to Delhi,Lavish Travels,A/C Seater / Sleeper (2+2),23:40,05:30,05h 50m,539,35 Seats available,2.7
211,Jalandhar to Delhi,IntrCity SmartBus,VE A/C Seater / Sleeper (2+1),22:40,05:55,07h 15m,INR 553,29 Seats available,4.4
212,Jalandhar to Delhi,Golden Temple Express Volvo,A/C Seater / Sleeper (2+2),23:50,06:50,07h 00m,599,32 Seats available,4.0
213,Jalandhar to Delhi,SPEED BUS,Volvo A/C Semi Sleeper (2+2),15:05,22:10,07h 05m,1199,41 Seats available,4.3
214,Jalandhar to Delhi,Prince Travels,A/C Seater / Sleeper (2+2),23:40,06:00,06h 20m,INR 1099,42 Seats available,3.1
215,Jalandhar to Delhi,Golden Temple Express Volvo,A/C Seater / Sleeper (2+2),23:54,06:30,06h 36m,499,34 Seats available,3.1
216,Jalandhar to Delhi,NueGo,Electric A/C Seater/Sleeper (2+1),12:40,21:05,08h 25m,523,21 Seats available,2.9
217,Jalandhar to Delhi,India Tours & Travels (GetBookCab),A/C Seater / Sleeper (2+2),23:55,06:00,06h 05m,INR 499,33 Seats available,3.7
218,Jalandhar to Delhi,Vijay Tour and Travels,Bharat Benz A/C Seater /Sleeper (2+1),16:20,00:10,07h 50m,833,33 Seats available,2.3
219,Jalandhar to Delhi,Khurana Bus Service,Bharat Benz A/C Seater (2+2),14:25,21:30,07h 05m,INR 599,22 Seats available,1.9
220,Jalandhar to Delhi,Travel Point,A/C Seater / Sleeper (2+2),22:25,05:20,06h 55m,949,50 Seats available,2.7
221,Jalandhar to Delhi,Golden Temple Express Volvo,A/C Seater / Sleeper (2+2),23:50,06:50,07h 00m,499,34 Seats available,1.8
222,Jalandhar to Delhi,Armaan Tour & Travels,A/C Seater / Sleeper (2+1),21:00,06:00,09h 00m,719,47 Seats available,2.6
223,Jalandhar to Delhi,SHREE SATGURU TRAVELS,A/C Seater / Sleeper (2+2),23:50,06:00,06h 10m,INR 499,38 Seats available,1.3
224,Jalandhar to Delhi,Ashok Travels,A/C Seater / Sleeper (2+2),23:00,06:00,07h 00m,INR 959,52 Seats available,2.5
225,Jalandhar to Delhi,K.S Travels,A/C Semi Sleeper / Sleeper (2+2),23:30,05:30,06h 00m,INR 1000,50 Seats available,2.4
226,Jalandhar to Delhi,FlixBus,A/C Sleeper (2+1),23:30,06:35,07h 05m,INR 429,12 Seats available,3.7
227,Jalandhar to Delhi,SPEED BUS,Volvo A/C Semi Sleeper (2+2),13:30,10:25,20h 55m,999,40 Seats available,3.6
228,Jalandhar to Delhi,Shri Bawa Lal Tour and Travels,A/C Seater / Sleeper (2+1),23:20,07:25,08h 05m,INR 665.71,48 Seats available,3.4
229,Jalandhar to Delhi,Big Bus,A/C Seater / Sleeper (2+2),23:00,05:30,06h 30m,INR 795,28 Seats available,2.7
230,Jalandhar to Delhi,SHREE SATGURU TRAVELS,A/C Seater / Sleeper (2+2),23:20,06:10,06h 50m,INR 999,38 Seats available,1.3
231,Delhi to Jalandhar,PEPSU (Punjab) - 67130,Volvo AC Seater (2+2),08:25,16:45,08h 20m,INR 1007,38 Seats available,3.8
232,Delhi to Jalandhar,PEPSU (Punjab) - 66620,Volvo AC Seater (2+2),09:05,16:30,07h 25m,INR 1007,36 Seats available,3.0
233,Delhi to Jalandhar,PEPSU (Punjab) - 67122,Volvo AC Seater (2+2),11:10,18:40,07h 30m,INR 1007,39 Seats available,4.3
234,Delhi to Jalandhar,PEPSU (Punjab) - 67123,Volvo AC Seater (2+2),13:45,21:10,07h 25m,INR 1007,39 Seats available,4.4
235,Delhi to Jalandhar,PEPSU (Punjab) - 67132,Volvo AC Seater (2+2),17:40,00:50,07h 10m,INR 1007,39 Seats available,3.9
236,Delhi to Jalandhar,PEPSU (Punjab) - 67121,Volvo AC Seater (2+2),21:50,06:20,08h 30m,INR 1007,37 Seats available,3.8
237,Delhi to Jalandhar,Laxmi holidays,Bharat Benz A/C Seater /Sleeper (2+1),22:20,05:40,07h 20m,622,28 Seats available,4.6
238,Delhi to Jalandhar,IntrCity SmartBus,A/C Seater / Sleeper (2+1),23:05,07:55,08h 50m,INR 617,25 Seats available,4.6
239,Delhi to Jalandhar,Yolo Bus,VE A/C Seater / Sleeper (2+1),23:30,06:29,06h 59m,INR 630,14 Seats available,4.5
240,Delhi to Jalandhar,AdNew Navyug Travels,A/C Sleeper (2+1),22:45,06:10,07h 25m,INR 725,22 Seats available,4.1
241,Delhi to Jalandhar,IntrCity SmartBus,A/C Seater / Sleeper (2+1),21:45,06:50,09h 05m,INR 536,31 Seats available,4.6
242,Delhi to Jalandhar,Yolo Bus,VE A/C Seater / Sleeper (2+1),22:00,05:42,07h 42m,INR 570,20 Seats available,4.4
243,Delhi to Jalandhar,IntrCity SmartBus,Bharat Benz A/C Seater /Sleeper (2+1),21:30,05:55,08h 25m,INR 774,25 Seats available,4.5
244,Delhi to Jalandhar,AdGolden Temple Express Volvo,A/C Seater / Sleeper (2+2),22:58,05:55,06h 57m,699,25 Seats available,3.9
245,Delhi to Jalandhar,Zingbus Plus,Scania A/C Semi Sleeper (2+2),22:50,06:20,07h 30m,740,15 Seats available,4.5
246,Delhi to Jalandhar,Laxmi holidays,Bharat Benz A/C Seater /Sleeper (2+1),22:00,06:20,08h 20m,584,34 Seats available,4.4
247,Delhi to Jalandhar,IntrCity SmartBus,A/C Seater / Sleeper (2+1),20:00,05:25,09h 25m,INR 666,27 Seats available,4.3
248,Delhi to Jalandhar,Laxmi holidays,Bharat Benz A/C Sleeper (2+1),23:30,07:30,08h 00m,760,28 Seats available,4.2
249,Delhi to Jalandhar,Zingbus Plus,Bharat Benz A/C Seater /Sleeper (2+1),21:15,04:10,06h 55m,1101,2 Seats available,4.3
250,Delhi to Jalandhar,Laxmi holidays,Bharat Benz A/C Sleeper (2+1),23:40,07:30,07h 50m,832,18 Seats available,4.2
251,Delhi to Jalandhar,IntrCity SmartBus,AC Sleeper (2+1),22:30,07:10,08h 40m,INR 656,24 Seats available,4.2
252,Delhi to Jalandhar,Laxmi holidays,VE A/C Sleeper (2+1),23:00,07:20,08h 20m,760,23 Seats available,4.0
253,Delhi to Jalandhar,IntrCity SmartBus,A/C Seater / Sleeper (2+1),20:30,05:45,09h 15m,INR 836,25 Seats available,4.0
254,Delhi to Jalandhar,SPEED BUS,Volvo AC Seater (2+2),08:05,16:35,08h 30m,800,23 Seats available,3.9
255,Delhi to Jalandhar,R S YADAV SMART BUS PRIVATE LIMITED,Volvo Multi Axle B11R AC Seater\Sleeper (2+1),22:30,05:51,07h 21m,INR 899,21 Seats available,4.4
256,Delhi to Jalandhar,IntrCity SmartBus,A/C Seater / Sleeper (2+1),22:00,07:25,09h 25m,INR 721,22 Seats available,4.7
257,Delhi to Jalandhar,CAPITAL HOLIDAYS,A/C Seater / Sleeper (2+2),22:30,06:00,07h 30m,610,37 Seats available,No rating
258,Delhi to Jalandhar,CAPITAL HOLIDAYS,A/C Seater / Sleeper (2+2),17:00,00:30,07h 30m,608,36 Seats available,No rating
259,Delhi to Jalandhar,CAPITAL HOLIDAYS,A/C Seater / Sleeper (2+2),20:30,04:00,07h 30m,593,35 Seats available,No rating
260,Delhi to Jalandhar,ADTC tour and Travels,Volvo Multi-Axle I-Shift B11R Semi Sleeper (2+2),22:25,05:00,06h 35m,INR 699,38 Seats available,4.1
261,Delhi to Jalandhar,Laxmi holidays,Volvo 9600 Multi-Axle A/C Sleeper (2+1),18:30,02:00,07h 30m,1045,17 Seats available,4.5
262,Delhi to Jalandhar,IntrCity SmartBus,Bharat Benz A/C Seater /Sleeper (2+1),22:15,07:35,09h 20m,INR 725,22 Seats available,4.2
263,Delhi to Jalandhar,IntrCity SmartBus,A/C Seater / Sleeper (2+1),21:30,07:15,09h 45m,INR 777,19 Seats available,4.0
264,Delhi to Jalandhar,Zingbus Plus,Bharat Benz A/C Seater /Sleeper (2+1),18:20,01:45,07h 25m,712,29 Seats available,4.7
265,Delhi to Jalandhar,Khurana Bus Service,Volvo A/C (2+2),08:00,17:00,09h 00m,764,16 Seats available,4.4
266,Delhi to Jalandhar,Ram Dalal Holidays,A/C Seater/Sleeper (2+1),18:30,02:00,07h 30m,601,14 Seats available,4.6
267,Delhi to Jalandhar,New National Travels,A/C Seater / Sleeper (2+2),23:00,06:00,07h 00m,INR 699,32 Seats available,3.5
268,Delhi to Jalandhar,Banjara Satguru Travels,A/C Seater / Sleeper (2+2),23:35,06:05,06h 30m,496,33 Seats available,3.5
269,Delhi to Jalandhar,Muskan Tour And Travels private Limited,Volvo Multi-Axle I-Shift B11R Semi Sleeper (2+2),22:40,05:10,06h 30m,647,17 Seats available,3.7
270,Delhi to Jalandhar,Zingbus Plus,Bharat Benz A/C Seater /Sleeper (2+1),23:15,07:00,07h 45m,755,25 Seats available,4.4
271,Delhi to Jalandhar,NueGo,Electric A/C Seater/Sleeper (2+1),22:00,06:25,08h 25m,569,22 Seats available,3.1
272,Delhi to Jalandhar,IntrCity SmartBus,VE A/C Seater / Sleeper (2+1),22:30,07:55,09h 25m,INR 853,23 Seats available,4.3
273,Delhi to Jalandhar,Golden Temple Volvo Bus Service,A/C Seater / Sleeper (2+2),23:40,07:15,07h 35m,INR 686,45 Seats available,2.2
274,Delhi to Jalandhar,Banjara Satguru Travels,A/C Seater / Sleeper (2+2),22:50,05:50,07h 00m,539,27 Seats available,2.4
275,Delhi to Jalandhar,Classic Travels,A/C Seater / Sleeper (2+2),21:00,05:15,08h 15m,INR 790,15 Seats available,2.2
276,Delhi to Jalandhar,Armaan Tour & Travels,A/C Seater / Sleeper (2+1),14:00,23:05,09h 05m,524,37 Seats available,2.0
277,Delhi to Jalandhar,IntrCity SmartBus,A/C Seater / Sleeper (2+1),21:00,06:05,09h 05m,INR 761,25 Seats available,4.4
278,Delhi to Jalandhar,K.S Travels,A/C Semi Sleeper / Sleeper (2+2),22:40,05:55,07h 15m,INR 1000,40 Seats available,3.8
279,Delhi to Jalandhar,SPEED BUS,Volvo A/C Semi Sleeper (2+2),12:45,19:30,06h 45m,499,30 Seats available,3.4
280,Delhi to Jalandhar,Travel Point,A/C Seater / Sleeper (2+2),21:00,03:21,06h 21m,759,48 Seats available,3.6
281,Delhi to Jalandhar,Ashok Bus Service,VE A/C Seater / Sleeper (2+1),17:50,02:15,08h 25m,INR 519,31 Seats available,3.6
282,Delhi to Jalandhar,Lavish Travels,A/C Seater / Sleeper (2+2),18:15,03:30,09h 15m,629,34 Seats available,3.5
283,Delhi to Jalandhar,FlixBus,A/C Sleeper (2+1),21:00,05:00,08h 00m,INR 678,12 Seats available,4.8
284,Delhi to Jalandhar,Banjara Satguru Travels,A/C Seater / Sleeper (2+1),22:40,06:06,07h 26m,640,32 Seats available,3.1
285,Delhi to Jalandhar,India Tours & Travels (GetBookCab),A/C Semi Sleeper / Sleeper (2+2),21:45,06:10,08h 25m,INR 650,23 Seats available,4.2
286,Delhi to Jalandhar,Yolo Bus,A/C Seater/Sleeper (2+1),19:15,03:10,07h 55m,INR 860,23 Seats available,3.8
287,Delhi to Jalandhar,RK Holiday,A/C Seater / Sleeper (2+2),23:10,06:10,07h 00m,1139,32 Seats available,2.9
288,Delhi to Jalandhar,Ashok Travels,A/C Seater / Sleeper (2+2),22:35,04:45,06h 10m,INR 699,42 Seats available,3.0
289,Delhi to Jalandhar,Ashok Travels,A/C Seater / Sleeper (2+2),17:25,23:35,06h 10m,INR 620,33 Seats available,2.0
290,Delhi to Jalandhar,Big Bus,A/C Seater / Sleeper (2+2),20:30,02:30,06h 00m,INR 608,39 Seats available,3.7
291,Delhi to Jalandhar,Big Bus,A/C Seater / Sleeper (2+2),17:35,23:45,06h 10m,INR 609,39 Seats available,2.1
292,Delhi to Jalandhar,NEW KING BUS SERVICE,A/C Seater / Sleeper (2+2),22:50,05:35,06h 45m,INR 499,25 Seats available,2.9
293,Delhi to Jalandhar,NueGo,Electric A/C Seater/Sleeper (2+1),10:00,18:25,08h 25m,523,9 Seats available,2.7
294,Delhi to Jalandhar,CAPITAL HOLIDAYS,A/C Seater / Sleeper (2+2),15:30,23:00,07h 30m,617,34 Seats available,1.5
295,Delhi to Jalandhar,FlixBus,A/C Sleeper (2+1),18:00,02:00,08h 00m,INR 326,18 Seats available,4.8
296,Delhi to Jalandhar,Shiv Mohan Travels,AC Sleeper (2+1),20:10,05:15,09h 05m,INR 1099,28 Seats available,4.7
297,Delhi to Jalandhar,FlixBus,A/C Sleeper (2+1),23:00,06:35,07h 35m,INR 1007,6 Seats available,4.8
298,Delhi to Jalandhar,Khurana Bus Service,Bharat Benz A/C Seater (2+2),12:40,21:00,08h 20m,INR 599,26 Seats available,4.4
299,Delhi to Jalandhar,India Tours & Travels (GetBookCab),A/C Seater / Sleeper (2+2),21:30,06:00,08h 30m,INR 529,21 Seats available,4.2
300,Delhi to Jalandhar,R S YADAV SMART BUS PRIVATE LIMITED,VE A/C Seater / Sleeper (2+1),18:30,02:20,07h 50m,INR 799,21 Seats available,4.2
301,Delhi to Jalandhar,Kedara Bus,A/C Seater / Sleeper (2+1),22:45,06:40,07h 55m,899,40 Seats available,3.9
302,Delhi to Jalandhar,B S Holiday Travels,A/C Seater / Sleeper (2+2),22:30,06:00,07h 30m,INR 999,32 Seats available,3.7
303,Delhi to Jalandhar,Goel Tourist (Regd),A/C Seater / Sleeper (2+2),20:50,03:50,07h 00m,INR 650,42 Seats available,3.5
304,Delhi to Jalandhar,Shree Mahaveer Travels Jaipur,VE A/C Seater / Sleeper (2+1),19:30,04:40,09h 10m,INR 599,25 Seats available,3.5
305,Delhi to Jalandhar,CALL2TRIP,A/C Seater / Sleeper (2+2),22:40,05:40,07h 00m,719,44 Seats available,2.9
306,Delhi to Jalandhar,Northern Travels,Bharat Benz A/C Sleeper (2+1),15:30,23:59,08h 29m,INR 999,29 Seats available,2.6
307,Delhi to Jalandhar,Big Bus,A/C Seater / Sleeper (2+2),15:30,21:40,06h 10m,INR 603,39 Seats available,2.3
308,Delhi to Jalandhar,Big Bus,A/C Seater / Sleeper (2+2),22:30,03:30,05h 00m,INR 605,40 Seats available,2.3
309,Delhi to Jalandhar,Ashok Travels,A/C Seater / Sleeper (2+2),20:00,02:30,06h 30m,INR 601,37 Seats available,2.2
310,Delhi to Jalandhar,Ashok Travels,A/C Seater / Sleeper (2+2),15:15,21:25,06h 10m,INR 609,32 Seats available,2.2
311,Delhi to Jalandhar,Ashok Travels,A/C Seater / Sleeper (2+2),19:00,01:30,06h 30m,INR 699,52 Seats available,2.2
312,Delhi to Jalandhar,Maheshwaram Travels,A/C Seater / Sleeper (2+2),21:00,05:05,08h 05m,INR 666,33 Seats available,1.7
313,Delhi to Jalandhar,Travel Point World LLP,A/C Seater / Sleeper (2+2),22:15,05:00,06h 45m,759,20 Seats available,1.6
314,Patiala to Delhi Airport,PEPSU (Punjab) - 66649,Volvo AC Seater (2+2),12:40,19:20,06h 40m,INR 807,33 Seats available,3.9
315,Patiala to Delhi Airport,PEPSU (Punjab) - 67142,Volvo AC Seater (2+2),16:00,22:40,06h 40m,INR 807,31 Seats available,4.0
316,Patiala to Delhi Airport,Indo Canadian Transport Pvt. Ltd.,A/C Sleeper (2+1),16:30,23:00,06h 30m,INR 3000,42 Seats available,4.1
317,Patiala to Delhi Airport,Indo Canadian Transport Pvt. Ltd.,A/C Semi Sleeper (2+2),18:30,01:00,06h 30m,INR 3000,44 Seats available,4.1
318,Patiala to Delhi Airport,Indo Canadian Transport Pvt. Ltd.,A/C Semi Sleeper (2+2),20:30,03:00,06h 30m,INR 2500,51 Seats available,4.1
319,Patiala to Delhi Airport,Indo Canadian Transport Pvt. Ltd.,A/C Semi Sleeper (2+2),14:40,23:10,08h 30m,INR 2500,44 Seats available,4.1
320,Patiala to Delhi Airport,Indo Canadian Transport Pvt. Ltd.,A/C Sleeper (2+1),22:30,05:00,06h 30m,INR 3000,30 Seats available,4.1
321,Patiala to Delhi Airport,Indo Canadian Transport Pvt. Ltd.,A/C Semi Sleeper (2+2),20:30,05:00,08h 30m,INR 2500,51 Seats available,4.1
322,Patiala to Delhi Airport,Indo Canadian Transport Pvt. Ltd.,A/C Sleeper (2+1),12:30,19:00,06h 30m,INR 3000,42 Seats available,4.1
323,Patiala to Delhi Airport,Indo Canadian Transport Pvt. Ltd.,A/C Sleeper (2+1),16:40,01:10,08h 30m,INR 3000,42 Seats available,4.1
324,Patiala to Delhi Airport,Indo Canadian Transport Pvt. Ltd.,A/C Sleeper (2+1),16:00,01:00,09h 00m,INR 3850,42 Seats available,4.1
325,Patiala to Delhi Airport,Indo Canadian Transport Pvt. Ltd.,A/C Semi Sleeper (2+2),14:30,23:00,08h 30m,INR 3300,44 Seats available,4.1
326,Patiala to Delhi Airport,Indo Canadian Transport Pvt. Ltd.,A/C Sleeper (2+1),16:30,01:00,08h 30m,INR 3850,42 Seats available,4.1
327,Patiala to Delhi Airport,Indo Canadian Transport Pvt. Ltd.,A/C Semi Sleeper (2+2),08:00,15:00,07h 00m,INR 2500,44 Seats available,4.1
328,Patiala to Delhi Airport,Indo Canadian Transport Pvt. Ltd.,A/C Semi Sleeper (2+2),10:00,19:00,09h 00m,INR 2500,51 Seats available,4.1
329,Patiala to Delhi Airport,Indo Canadian Transport Pvt. Ltd.,A/C Semi Sleeper (2+2),14:00,21:00,07h 00m,INR 2500,44 Seats available,4.1
330,Patiala to Delhi Airport,Indo Canadian Transport Pvt. Ltd.,A/C Sleeper (2+1),12:00,19:00,07h 00m,INR 3000,42 Seats available,4.1
331,Patiala to Delhi Airport,Indo Canadian Transport Pvt. Ltd.,A/C Semi Sleeper (2+2),16:00,23:00,07h 00m,INR 2500,51 Seats available,4.1
332,Patiala to Delhi Airport,Indo Canadian Transport Pvt. Ltd.,A/C Semi Sleeper (2+2),18:00,01:00,07h 00m,INR 2500,44 Seats available,4.1
333,Patiala to Delhi Airport,Indo Canadian Transport Pvt. Ltd.,A/C Semi Sleeper (2+2),20:00,03:00,07h 00m,INR 2500,51 Seats available,4.1
334,Patiala to Delhi Airport,Indo Canadian Transport Pvt. Ltd.,A/C Sleeper (2+1),22:00,05:00,07h 00m,INR 2500,28 Seats available,4.1
335,Patiala to Delhi Airport,Indo Canadian Transport Pvt. Ltd.,A/C Sleeper (2+1),16:00,23:00,07h 00m,INR 3000,42 Seats available,4.1
336,Patiala to Delhi Airport,Indo Canadian Transport Pvt. Ltd.,A/C Semi Sleeper (2+2),14:48,21:08,06h 20m,INR 2500,44 Seats available,4.1
337,Patiala to Delhi Airport,Indo Canadian Transport Pvt. Ltd.,A/C Sleeper (2+1),12:43,19:03,06h 20m,INR 3000,42 Seats available,4.1
338,Patiala to Delhi Airport,Indo Canadian Transport Pvt. Ltd.,A/C Semi Sleeper (2+2),18:48,01:08,06h 20m,INR 2500,44 Seats available,4.1
339,Patiala to Delhi Airport,Indo Canadian Transport Pvt. Ltd.,A/C Semi Sleeper (2+2),14:30,21:00,06h 30m,INR 2500,44 Seats available,4.1
340,Jalandhar to Delhi Airport,PEPSU (Punjab) - 67161,Volvo AC Seater (2+2),08:30,18:05,09h 35m,INR 1130,30 Seats available,4.0
341,Jalandhar to Delhi Airport,PEPSU (Punjab) - 67096,Volvo AC Seater (2+2),15:00,00:00,09h 00m,INR 1130,37 Seats available,4.6
342,Jalandhar to Delhi Airport,PEPSU (Punjab) - 67135,Volvo AC Seater (2+2),15:33,02:33,11h 00m,INR 1130,38 Seats available,3.6
343,Jalandhar to Delhi Airport,PEPSU (Punjab) - 67098,Volvo AC Seater (2+2),18:10,04:15,10h 05m,INR 1130,35 Seats available,3.2
344,Jalandhar to Delhi Airport,PEPSU (Punjab) - 67128,Volvo AC Seater (2+2),19:10,05:10,10h 00m,INR 1130,36 Seats available,4.5
345,Jalandhar to Delhi Airport,Indo Canadian Transport Pvt. Ltd.,A/C Semi Sleeper (2+2),18:00,05:00,11h 00m,INR 3300,41 Seats available,4.1
346,Jalandhar to Delhi Airport,Indo Canadian Transport Pvt. Ltd.,A/C Semi Sleeper (2+2),08:00,19:00,11h 00m,INR 3300,13 Seats available,2.6
347,Jalandhar to Delhi Airport,Indo Canadian Transport Pvt. Ltd.,A/C Semi Sleeper (2+2),23:00,10:00,11h 00m,INR 3300,44 Seats available,4.1
348,Jalandhar to Delhi Airport,Indo Canadian Transport Pvt. Ltd.,A/C Sleeper (2+1),23:55,08:55,09h 00m,INR 3000,30 Seats available,4.1
349,Jalandhar to Delhi Airport,Indo Canadian Transport Pvt. Ltd.,A/C Semi Sleeper (2+2),16:00,03:00,11h 00m,INR 3300,32 Seats available,4.1
350,Jalandhar to Delhi Airport,Indo Canadian Transport Pvt. Ltd.,A/C Sleeper (2+1),20:00,07:00,11h 00m,INR 3000,30 Seats available,4.1
351,Jalandhar to Delhi Airport,Indo Canadian Transport Pvt. Ltd.,A/C Sleeper (2+1),10:00,21:00,11h 00m,INR 3850,14 Seats available,4.1
352,Jalandhar to Delhi Airport,Indo Canadian Transport Pvt. Ltd.,A/C Sleeper (2+1),14:00,01:00,11h 00m,INR 3850,25 Seats available,4.1
353,Jalandhar to Delhi Airport,Indo Canadian Transport Pvt. Ltd.,A/C Semi Sleeper (2+2),12:00,23:00,11h 00m,INR 3300,18 Seats available,4.1
354,Ludhiana to Delhi Airport,PEPSU (Punjab) - 67161,Volvo AC Seater (2+2),10:15,18:05,07h 50m,INR 969,30 Seats available,4.4
355,Ludhiana to Delhi Airport,PEPSU (Punjab) - 67162,Volvo AC Seater (2+2),15:00,23:30,08h 30m,INR 969,34 Seats available,4.2
356,Ludhiana to Delhi Airport,PEPSU (Punjab) - 67096,Volvo AC Seater (2+2),16:10,00:00,07h 50m,INR 969,37 Seats available,4.0
357,Ludhiana to Delhi Airport,PEPSU (Punjab) - 67135,Volvo AC Seater (2+2),17:33,02:33,09h 00m,INR 969,38 Seats available,3.1
358,Ludhiana to Delhi Airport,PEPSU (Punjab) - 67098,Volvo AC Seater (2+2),19:50,04:15,08h 25m,INR 969,35 Seats available,4.0
359,Ludhiana to Delhi Airport,PEPSU (Punjab) - 67128,Volvo AC Seater (2+2),20:50,05:10,08h 20m,INR 969,36 Seats available,3.9
360,Ludhiana to Delhi Airport,PEPSU (Punjab) - 67137,Volvo AC Seater (2+2),21:50,05:40,07h 50m,INR 969,35 Seats available,4.8
361,Ludhiana to Delhi Airport,Indo Canadian Transport Pvt. Ltd.,A/C Semi Sleeper (2+2),13:39,23:10,09h 31m,INR 2500,44 Seats available,4.1
362,Ludhiana to Delhi Airport,Indo Canadian Transport Pvt. Ltd.,A/C Sleeper (2+1),21:29,07:00,09h 31m,INR 3000,30 Seats available,4.1
363,Ludhiana to Delhi Airport,Indo Canadian Transport Pvt. Ltd.,A/C Semi Sleeper (2+2),19:29,05:00,09h 31m,INR 3300,41 Seats available,4.1
364,Ludhiana to Delhi Airport,Indo Canadian Transport Pvt. Ltd.,A/C Sleeper (2+1),11:29,21:00,09h 31m,INR 3000,42 Seats available,4.1
365,Ludhiana to Delhi Airport,Indo Canadian Transport Pvt. Ltd.,A/C Sleeper (2+1),15:39,01:10,09h 31m,INR 3000,42 Seats available,4.1
366,Ludhiana to Delhi Airport,Indo Canadian Transport Pvt. Ltd.,A/C Sleeper (2+1),15:29,01:00,09h 31m,INR 3850,42 Seats available,4.1
367,Ludhiana to Delhi Airport,Indo Canadian Transport Pvt. Ltd.,A/C Semi Sleeper (2+2),13:29,23:00,09h 31m,INR 3300,44 Seats available,4.1
368,Ludhiana to Delhi Airport,Indo Canadian Transport Pvt. Ltd.,A/C Semi Sleeper (2+2),07:29,17:00,09h 31m,INR 3300,35 Seats available,4.1
369,Ludhiana to Delhi Airport,Indo Canadian Transport Pvt. Ltd.,A/C Semi Sleeper (2+2),09:29,19:00,09h 31m,INR 3300,41 Seats available,4.1
370,Ludhiana to Delhi Airport,Indo Canadian Transport Pvt. Ltd.,A/C Semi Sleeper (2+2),13:37,21:08,07h 31m,INR 2500,44 Seats available,4.1
371,Ludhiana to Delhi Airport,Indo Canadian Transport Pvt. Ltd.,A/C Sleeper (2+1),11:32,19:03,07h 31m,INR 3000,42 Seats available,4.1
372,Ludhiana to Delhi Airport,Indo Canadian Transport Pvt. Ltd.,A/C Sleeper (2+1),15:29,23:00,07h 31m,INR 3000,42 Seats available,4.1
373,Ludhiana to Delhi Airport,Indo Canadian Transport Pvt. Ltd.,A/C Semi Sleeper (2+2),23:29,09:00,09h 31m,INR 2500,44 Seats available,4.1
374,Ludhiana to Delhi Airport,Indo Canadian Transport Pvt. Ltd.,A/C Semi Sleeper (2+2),17:29,03:00,09h 31m,INR 3300,29 Seats available,4.1
375,Phagwara to Delhi Airport,PEPSU (Punjab) - 67161,Volvo AC Seater (2+2),08:50,18:05,09h 15m,INR 1078,30 Seats available,4.8
376,Phagwara to Delhi Airport,PEPSU (Punjab) - 67096,Volvo AC Seater (2+2),15:20,00:00,08h 40m,INR 1078,37 Seats available,4.7
377,Phagwara to Delhi Airport,PEPSU (Punjab) - 67135,Volvo AC Seater (2+2),15:53,02:33,10h 40m,INR 1078,38 Seats available,3.1
378,Phagwara to Delhi Airport,PEPSU (Punjab) - 67098,Volvo AC Seater (2+2),18:35,04:15,09h 40m,INR 1078,35 Seats available,3.4
379,Phagwara to Delhi Airport,PEPSU (Punjab) - 67128,Volvo AC Seater (2+2),19:30,05:10,09h 40m,INR 1078,36 Seats available,4.0
380,Phagwara to Delhi Airport,PEPSU (Punjab) - 67137,Volvo AC Seater (2+2),20:00,05:40,09h 40m,INR 1078,35 Seats available,4.2
381,Phagwara to Delhi Airport,Indo Canadian Transport Pvt. Ltd.,A/C Sleeper (2+1),14:45,01:10,10h 25m,INR 3000,42 Seats available,4.1
382,Phagwara to Delhi Airport,Indo Canadian Transport Pvt. Ltd.,A/C Sleeper (2+1),14:35,01:00,10h 25m,INR 3850,42 Seats available,4.1
383,Phagwara to Delhi Airport,Indo Canadian Transport Pvt. Ltd.,A/C Semi Sleeper (2+2),12:35,23:00,10h 25m,INR 3300,44 Seats available,4.1
384,Phagwara to Delhi Airport,Indo Canadian Transport Pvt. Ltd.,A/C Sleeper (2+1),14:35,01:00,10h 25m,INR 3850,42 Seats available,4.1
385,Phagwara to Delhi Airport,Indo Canadian Transport Pvt. Ltd.,A/C Semi Sleeper (2+2),23:35,10:00,10h 25m,INR 3300,44 Seats available,4.1
386,Phagwara to Delhi Airport,Indo Canadian Transport Pvt. Ltd.,A/C Semi Sleeper (2+2),06:35,17:00,10h 25m,INR 2500,44 Seats available,4.1
387,Phagwara to Delhi Airport,Indo Canadian Transport Pvt. Ltd.,A/C Semi Sleeper (2+2),08:35,19:00,10h 25m,INR 2500,51 Seats available,4.1
388,Phagwara to Delhi Airport,Indo Canadian Transport Pvt. Ltd.,A/C Sleeper (2+1),10:35,19:00,08h 25m,INR 3000,42 Seats available,4.1
389,Phagwara to Delhi Airport,Indo Canadian Transport Pvt. Ltd.,A/C Semi Sleeper (2+2),16:35,01:00,08h 25m,INR 2500,44 Seats available,4.1
390,Phagwara to Delhi Airport,Indo Canadian Transport Pvt. Ltd.,A/C Semi Sleeper (2+2),18:35,03:00,08h 25m,INR 2500,51 Seats available,4.1
391,Phagwara to Delhi Airport,Indo Canadian Transport Pvt. Ltd.,A/C Sleeper (2+1),20:35,05:00,08h 25m,INR 2500,28 Seats available,4.1
392,Phagwara to Delhi Airport,Indo Canadian Transport Pvt. Ltd.,A/C Semi Sleeper (2+2),22:35,07:00,08h 25m,INR 2500,44 Seats available,4.1
393,Phagwara to Delhi Airport,Indo Canadian Transport Pvt. Ltd.,A/C Sleeper (2+1),14:35,23:00,08h 25m,INR 3000,42 Seats available,4.1
394,Phagwara to Delhi Airport,Indo Canadian Transport Pvt. Ltd.,A/C Semi Sleeper (2+2),12:43,21:08,08h 25m,INR 2500,44 Seats available,4.1
395,Phagwara to Delhi Airport,Indo Canadian Transport Pvt. Ltd.,A/C Sleeper (2+1),10:38,19:03,08h 25m,INR 3000,42 Seats available,4.1
396,Phagwara to Delhi Airport,Indo Canadian Transport Pvt. Ltd.,A/C Semi Sleeper (2+2),16:43,01:08,08h 25m,INR 2500,44 Seats available,4.1
397,Phagwara to Delhi Airport,Indo Canadian Transport Pvt. Ltd.,A/C Sleeper (2+1),10:35,19:00,08h 25m,INR 2500,51 Seats available,4.1
398,Phagwara to Delhi Airport,Indo Canadian Transport Pvt. Ltd.,A/C Semi Sleeper (2+2),12:35,21:00,08h 25m,INR 2500,44 Seats available,4.1
399,Phagwara to Delhi Airport,Indo Canadian Transport Pvt. Ltd.,A/C Sleeper (2+1),14:35,23:00,08h 25m,INR 3000,42 Seats available,4.1
400,Phagwara to Delhi Airport,Indo Canadian Transport Pvt. Ltd.,A/C Semi Sleeper (2+2),22:35,09:00,10h 25m,INR 2500,44 Seats available,4.1
401,Phagwara to Delhi Airport,Indo Canadian Transport Pvt. Ltd.,A/C Semi Sleeper (2+2),16:35,03:00,10h 25m,INR 3000,44 Seats available,4.1
402,Phagwara to Delhi Airport,Indo Canadian Transport Pvt. Ltd.,A/C Semi Sleeper (2+2),18:35,03:00,08h 25m,INR 2500,51 Seats available,4.1
403,Phagwara to Delhi Airport,Indo Canadian Transport Pvt. Ltd.,A/C Semi Sleeper (2+2),12:45,23:10,10h 25m,INR 2500,44 Seats available,4.1
404,Phagwara to Delhi Airport,Indo Canadian Transport Pvt. Ltd.,A/C Sleeper (2+1),20:35,07:00,10h 25m,INR 3000,30 Seats available,4.1
405,Phagwara to Delhi Airport,Indo Canadian Transport Pvt. Ltd.,A/C Semi Sleeper (2+2),18:35,05:00,10h 25m,INR 2500,51 Seats available,4.1
406,Phagwara to Delhi Airport,Indo Canadian Transport Pvt. Ltd.,A/C Sleeper (2+1),10:35,21:00,10h 25m,INR 3850,32 Seats available,4.1
407,Delhi Airport to Ludhiana,PEPSU (Punjab) - 67130,Volvo AC Seater (2+2),07:45,15:35,07h 50m,INR 969,38 Seats available,4.1
408,Delhi Airport to Ludhiana,PEPSU (Punjab) - 67123,Volvo AC Seater (2+2),12:10,19:55,07h 45m,INR 969,39 Seats available,4.1
409,Delhi Airport to Ludhiana,PEPSU (Punjab) - 67132,Volvo AC Seater (2+2),15:50,23:40,07h 50m,INR 969,39 Seats available,4.1
410,Delhi Airport to Ludhiana,PEPSU (Punjab) - 67121,Volvo AC Seater (2+2),21:00,04:50,07h 50m,INR 969,37 Seats available,4.1
411,Delhi Airport to Ludhiana,PEPSU (Punjab) - 67064,Volvo AC Seater (2+2),23:58,07:58,08h 00m,INR 969,38 Seats available,4.1
412,Delhi Airport to Ludhiana,Zingbus Plus,Bharat Benz A/C Seater /Sleeper (2+1),17:20,03:15,09h 55m,1517,2 Seats available,4.3
413,Delhi Airport to Ludhiana,Zingbus Plus,Scania A/C Semi Sleeper (2+2),19:50,05:25,09h 35m,994,15 Seats available,4.3
414,Delhi Airport to Ludhiana,Indo Canadian Transport Pvt. Ltd.,A/C Semi Sleeper (2+2),15:30,01:45,10h 15m,INR 3300,51 Seats available,4.1
415,Delhi Airport to Ludhiana,Indo Canadian Transport Pvt. Ltd.,A/C Semi Sleeper (2+2),19:30,05:45,10h 15m,INR 2500,51 Seats available,4.1
416,Delhi Airport to Ludhiana,Indo Canadian Transport Pvt. Ltd.,A/C Semi Sleeper (2+2),16:30,02:45,10h 15m,INR 3300,51 Seats available,4.1
417,Delhi Airport to Ludhiana,Indo Canadian Transport Pvt. Ltd.,A/C Semi Sleeper (2+2),23:30,09:45,10h 15m,INR 3300,38 Seats available,4.1
418,Delhi Airport to Ludhiana,Indo Canadian Transport Pvt. Ltd.,A/C Semi Sleeper (2+2),08:00,18:15,10h 15m,INR 3300,44 Seats available,4.1
419,Delhi Airport to Ludhiana,Indo Canadian Transport Pvt. Ltd.,A/C Sleeper (2+1),10:00,20:15,10h 15m,INR 3850,42 Seats available,4.1
420,Delhi Airport to Ludhiana,Indo Canadian Transport Pvt. Ltd.,A/C Semi Sleeper (2+2),14:30,00:45,10h 15m,INR 3300,44 Seats available,4.1
421,Delhi Airport to Ludhiana,Indo Canadian Transport Pvt. Ltd.,A/C Sleeper (2+1),22:00,08:15,10h 15m,INR 3850,40 Seats available,4.1
422,Delhi Airport to Ludhiana,Indo Canadian Transport Pvt. Ltd.,A/C Sleeper (2+1),09:30,17:00,07h 30m,INR 3000,30 Seats available,4.1
423,Delhi Airport to Ludhiana,Indo Canadian Transport Pvt. Ltd.,A/C Sleeper (2+1),13:30,21:00,07h 30m,INR 3000,30 Seats available,4.1
424,Delhi Airport to Ludhiana,Indo Canadian Transport Pvt. Ltd.,A/C Semi Sleeper (2+2),17:00,03:15,10h 15m,INR 2500,51 Seats available,4.1
425,Delhi Airport to Ludhiana,Indo Canadian Transport Pvt. Ltd.,A/C Sleeper (2+1),09:00,19:15,10h 15m,INR 3000,42 Seats available,4.1
426,Delhi Airport to Ludhiana,Indo Canadian Transport Pvt. Ltd.,A/C Semi Sleeper (2+2),12:00,22:15,10h 15m,INR 3300,50 Seats available,4.1
427,Delhi to Phagwara,PEPSU (Punjab) - 66620,Volvo AC Seater (2+2),09:05,15:55,06h 50m,INR 954,36 Seats available,4.2
428,Delhi to Phagwara,PEPSU (Punjab) - 67122,Volvo AC Seater (2+2),11:10,18:20,07h 10m,INR 954,39 Seats available,3.8
429,Delhi to Phagwara,PEPSU (Punjab) - 67123,Volvo AC Seater (2+2),13:45,20:45,07h 00m,INR 954,39 Seats available,2.0
430,Delhi to Phagwara,Laxmi holidays,Bharat Benz A/C Seater /Sleeper (2+1),22:20,05:20,07h 00m,622,28 Seats available,4.6
431,Delhi to Phagwara,Laxmi holidays,Bharat Benz A/C Seater /Sleeper (2+1),22:00,06:00,08h 00m,584,34 Seats available,4.2
432,Delhi to Phagwara,IntrCity SmartBus,A/C Seater / Sleeper (2+1),20:00,04:50,08h 50m,INR 666,27 Seats available,4.9
433,Delhi to Phagwara,Laxmi holidays,Bharat Benz A/C Sleeper (2+1),23:30,07:00,07h 30m,760,28 Seats available,4.7
434,Delhi to Phagwara,Laxmi holidays,Bharat Benz A/C Sleeper (2+1),23:40,07:15,07h 35m,832,18 Seats available,4.1
435,Delhi to Phagwara,Zingbus Plus,Bharat Benz A/C Seater /Sleeper (2+1),21:15,04:00,06h 45m,847,14 Seats available,4.7
436,Delhi to Phagwara,Yolo Bus,VE A/C Seater / Sleeper (2+1),23:30,06:00,06h 30m,INR 630,14 Seats available,4.7
437,Delhi to Phagwara,Golden Temple Express Volvo,A/C Seater / Sleeper (2+2),22:58,05:40,06h 42m,699,25 Seats available,3.6
438,Delhi to Phagwara,Yolo Bus,VE A/C Seater / Sleeper (2+1),22:00,05:04,07h 04m,INR 540,22 Seats available,4.6
439,Delhi to Phagwara,New Navyug Travels,A/C Sleeper (2+1),22:45,05:15,06h 30m,INR 725,22 Seats available,4.1
440,Delhi to Phagwara,IntrCity SmartBus,Bharat Benz A/C Seater /Sleeper (2+1),21:30,05:25,07h 55m,INR 735,25 Seats available,4.7
441,Delhi to Phagwara,IntrCity SmartBus,Bharat Benz A/C Seater /Sleeper (2+1),22:15,06:45,08h 30m,INR 725,22 Seats available,4.9
442,Delhi to Phagwara,IntrCity SmartBus,A/C Seater / Sleeper (2+1),23:05,07:20,08h 15m,INR 586,25 Seats available,4.6
443,Delhi to Phagwara,Golden Temple Express Volvo,Volvo Multi-Axle A/C Semi Sleeper (2+2),22:50,05:55,07h 05m,799,30 Seats available,4.3
444,Delhi to Phagwara,IntrCity SmartBus,A/C Seater / Sleeper (2+1),20:30,05:10,08h 40m,INR 836,25 Seats available,4.6
445,Delhi to Phagwara,Zingbus Plus,Scania A/C Semi Sleeper (2+2),22:50,06:10,07h 20m,612,15 Seats available,4.0
446,Delhi to Phagwara,Laxmi holidays,Volvo 9600 Multi-Axle A/C Sleeper (2+1),18:30,01:40,07h 10m,1045,17 Seats available,4.7
447,Delhi to Phagwara,Zingbus Plus,Bharat Benz A/C Seater /Sleeper (2+1),18:20,01:35,07h 15m,683,29 Seats available,4.5
448,Delhi to Phagwara,SPEED BUS,Volvo AC Seater (2+2),08:05,16:20,08h 15m,800,24 Seats available,3.2
449,Delhi to Phagwara,IntrCity SmartBus,AC Sleeper (2+1),22:30,06:45,08h 15m,INR 621,24 Seats available,3.4
450,Delhi to Phagwara,IntrCity SmartBus,A/C Seater / Sleeper (2+1),21:45,06:15,08h 30m,INR 536,31 Seats available,4.4
451,Delhi to Phagwara,Ram Dalal Holidays,A/C Seater/Sleeper (2+1),18:30,01:40,07h 10m,601,21 Seats available,4.8
452,Delhi to Phagwara,Golden Temple Express Volvo,A/C Seater / Sleeper (2+2),22:55,05:50,06h 55m,749,32 Seats available,3.1
453,Delhi to Phagwara,IntrCity SmartBus,A/C Seater / Sleeper (2+1),21:30,06:40,09h 10m,INR 777,19 Seats available,4.1
454,Delhi to Phagwara,NueGo,Electric A/C Seater/Sleeper (2+1),22:00,06:10,08h 10m,569,22 Seats available,3.0
455,Delhi to Phagwara,ADTC tour and Travels,Volvo Multi-Axle I-Shift B11R Semi Sleeper (2+2),22:25,04:40,06h 15m,INR 699,40 Seats available,3.6
456,Delhi to Phagwara,Golden Temple Volvo Bus Service,A/C Seater / Sleeper (2+2),23:40,07:15,07h 35m,INR 686,45 Seats available,2.1
457,Delhi to Phagwara,Banjara Satguru Travels,A/C Seater / Sleeper (2+2),22:50,05:20,06h 30m,539,31 Seats available,2.0
458,Delhi to Phagwara,Banjara Satguru Travels,A/C Seater / Sleeper (2+2),23:35,05:35,06h 00m,496,33 Seats available,1.4
459,Delhi to Phagwara,Khurana Bus Service,Volvo A/C (2+2),08:00,16:55,08h 55m,791,16 Seats available,2.1
460,Delhi to Phagwara,Muskan Tour And Travels private Limited,Volvo Multi-Axle I-Shift B11R Semi Sleeper (2+2),22:40,04:30,05h 50m,647,18 Seats available,2.9
461,Delhi to Phagwara,Zingbus Plus,Bharat Benz A/C Seater /Sleeper (2+1),21:55,06:15,08h 20m,589,31 Seats available,4.6
462,Delhi to Phagwara,IntrCity SmartBus,VE A/C Seater / Sleeper (2+1),22:30,07:20,08h 50m,INR 853,23 Seats available,4.5
463,Delhi to Phagwara,R S YADAV SMART BUS PRIVATE LIMITED,Volvo Multi Axle B11R AC Seater\Sleeper (2+1),22:30,05:21,06h 51m,INR 1199,36 Seats available,4.4
464,Delhi to Phagwara,IntrCity SmartBus,A/C Seater / Sleeper (2+1),22:00,06:50,08h 50m,INR 721,22 Seats available,4.5
465,Delhi to Phagwara,IntrCity SmartBus,A/C Seater / Sleeper (2+1),21:00,05:30,08h 30m,INR 758,25 Seats available,4.5
466,Delhi to Phagwara,ADTC tour and Travels,Bharat Benz A/C Seater /Sleeper (2+1),22:40,04:45,06h 05m,INR 600,23 Seats available,3.6
467,Delhi to Phagwara,Golden Temple Express Volvo,A/C Seater / Sleeper (2+2),22:45,05:35,06h 50m,699,36 Seats available,3.6
468,Delhi to Phagwara,Golden Temple Express Volvo,A/C Seater/Sleeper (2+1),22:30,05:45,07h 15m,699,2 Seats available,3.6
469,Delhi to Phagwara,Lavish Travels,A/C Seater / Sleeper (2+2),18:15,03:15,09h 00m,629,37 Seats available,3.5
470,Delhi to Phagwara,IntrCity SmartBus,AC Sleeper (2+1),23:00,07:10,08h 10m,INR 1879,30 Seats available,4.1
471,Delhi to Phagwara,RK Holiday,A/C Seater / Sleeper (2+2),23:10,05:40,06h 30m,1139,32 Seats available,2.9
472,Delhi to Phagwara,NueGo,Electric A/C Seater/Sleeper (2+1),23:30,07:40,08h 10m,578,38 Seats available,1.8
473,Delhi to Phagwara,SPEED BUS,Volvo A/C Semi Sleeper (2+2),12:45,19:20,06h 35m,499,30 Seats available,2.4
474,Delhi to Phagwara,Yolo Bus,A/C Seater/Sleeper (2+1),19:15,02:40,07h 25m,INR 860,23 Seats available,4.6
475,Delhi to Phagwara,Kedara Bus,A/C Seater / Sleeper (2+1),22:45,06:10,07h 25m,899,40 Seats available,4.6
476,Delhi to Phagwara,Zingbus Plus,A/C Sleeper (2+1),22:00,05:45,07h 45m,885,25 Seats available,4.6
477,Delhi to Phagwara,Classic Travels,A/C Seater / Sleeper (2+2),21:00,04:30,07h 30m,INR 790,15 Seats available,2.6
478,Delhi to Phagwara,IntrCity SmartBus,Bharat Benz A/C Seater /Sleeper (2+1),20:00,05:10,09h 10m,INR 824,40 Seats available,4.5
479,Delhi to Phagwara,NueGo,Electric A/C Seater/Sleeper (2+1),10:00,18:10,08h 10m,523,10 Seats available,2.3
480,Delhi to Phagwara,India Tours & Travels (GetBookCab),A/C Seater / Sleeper (2+2),21:30,05:30,08h 00m,INR 529,19 Seats available,3.9
481,Delhi to Phagwara,India Tours & Travels (GetBookCab),A/C Semi Sleeper / Sleeper (2+2),21:45,05:40,07h 55m,INR 650,23 Seats available,3.9
482,Delhi to Phagwara,Banjara Satguru Travels,A/C Seater / Sleeper (2+1),22:40,05:46,07h 06m,640,38 Seats available,1.7
483,Delhi to Phagwara,Goel Tourist (Regd),A/C Seater / Sleeper (2+2),20:50,03:15,06h 25m,INR 650,42 Seats available,3.5
484,Delhi to Phagwara,Shree Mahaveer Travels Jaipur,A/C Seater/Sleeper (2+1),19:30,04:35,09h 05m,INR 599,20 Seats available,3.5
485,Delhi to Phagwara,Shri Bawa Lal Tour and Travels,A/C Seater / Sleeper (2+1),22:30,05:00,06h 30m,INR 699,48 Seats available,3.4
486,Delhi to Phagwara,SPEED BUS,Volvo A/C B11R Multi Axle Semi Sleeper (2+2),09:30,17:20,07h 50m,899,49 Seats available,3.0
487,Delhi to Phagwara,SPEED BUS,Volvo A/C Semi Sleeper (2+2),14:00,22:20,08h 20m,899,41 Seats available,3.0
488,Delhi to Phagwara,CALL2TRIP,A/C Seater / Sleeper (2+2),22:40,05:10,06h 30m,719,44 Seats available,3.0
489,Delhi to Phagwara,SPEED BUS,A/C Volvo B11R Multi-Axle Sleeper (2+1),16:20,23:30,07h 10m,3400,36 Seats available,3.0
490,Delhi to Phagwara,Khurana Bus Service,Bharat Benz A/C Seater (2+2),12:40,20:50,08h 10m,INR 599,26 Seats available,2.1
491,Delhi to Phagwara,Banjara Satguru Travels,A/C Seater / Sleeper (2+2),22:40,05:46,07h 06m,629,39 Seats available,1.7
492,Delhi to Phagwara,Maheshwaram Travels,A/C Seater / Sleeper (2+2),19:40,05:00,09h 20m,INR 666,33 Seats available,1.7
493,Delhi to Amritsar,PEPSU (Punjab) - 67121,Volvo AC Seater (2+2),21:50,08:20,10h 30m,INR 1216,37 Seats available,3.8
494,Delhi to Amritsar,RSRTC - 156675,Express Non AC Seater 2+3,22:30,08:30,10h 00m,INR 548,42 Seats available,2.9
495,Delhi to Amritsar,R S YADAV SMART BUS PRIVATE LIMITED,Volvo Multi Axle B11R AC Seater\Sleeper (2+1),22:40,07:10,08h 30m,INR 899,21 Seats available,4.5
496,Delhi to Amritsar,AdADTC tour and Travels,Volvo Multi-Axle I-Shift B11R Semi Sleeper (2+2),22:35,06:25,07h 50m,INR 699,38 Seats available,3.9
497,Delhi to Amritsar,Laxmi holidays,Bharat Benz A/C Seater /Sleeper (2+1),22:40,07:05,08h 25m,622,28 Seats available,4.4
498,Delhi to Amritsar,Yolo Bus,VE A/C Seater / Sleeper (2+1),23:59,08:05,08h 06m,INR 630,14 Seats available,4.5
499,Delhi to Amritsar,IntrCity SmartBus,A/C Seater / Sleeper (2+1),23:58,09:10,09h 12m,INR 617,25 Seats available,4.5
500,Delhi to Amritsar,AdMuskan Tour And Travels private Limited,Volvo Multi-Axle I-Shift B11R Semi Sleeper (2+2),22:55,06:25,07h 30m,647,17 Seats available,4.2
501,Delhi to Amritsar,IntrCity SmartBus,A/C Seater / Sleeper (2+1),21:45,08:20,10h 35m,INR 536,31 Seats available,4.5
502,Delhi to Amritsar,Yolo Bus,VE A/C Seater / Sleeper (2+1),22:33,07:04,08h 31m,INR 550,20 Seats available,4.4
503,Delhi to Amritsar,Laxmi holidays,VE A/C Sleeper (2+1),23:20,08:45,09h 25m,760,23 Seats available,4.4
504,Delhi to Amritsar,Laxmi holidays,Bharat Benz A/C Sleeper (2+1),23:50,09:15,09h 25m,760,28 Seats available,4.2
505,Delhi to Amritsar,Laxmi holidays,Bharat Benz A/C Sleeper (2+1),23:55,09:00,09h 05m,832,18 Seats available,4.2
506,Delhi to Amritsar,Zingbus Plus,Scania A/C Semi Sleeper (2+2),22:50,08:10,09h 20m,618,15 Seats available,4.3
507,Delhi to Amritsar,IntrCity SmartBus,A/C Seater / Sleeper (2+1),21:30,07:05,09h 35m,INR 836,25 Seats available,4.3
508,Delhi to Amritsar,Laxmi holidays,Bharat Benz A/C Seater /Sleeper (2+1),22:20,07:45,09h 25m,589,34 Seats available,4.1
509,Delhi to Amritsar,IntrCity SmartBus,A/C Seater / Sleeper (2+1),21:30,06:50,09h 20m,INR 666,27 Seats available,4.2
510,Delhi to Amritsar,Golden Temple Express Volvo,A/C Seater / Sleeper (2+2),23:20,07:15,07h 55m,699,25 Seats available,3.9
511,Delhi to Amritsar,IntrCity SmartBus,Bharat Benz A/C Seater /Sleeper (2+1),22:15,08:45,10h 30m,INR 725,22 Seats available,4.5
512,Delhi to Amritsar,IntrCity SmartBus,Bharat Benz A/C Seater /Sleeper (2+1),22:30,07:15,08h 45m,INR 774,25 Seats available,3.9
513,Delhi to Amritsar,IntrCity SmartBus,A/C Seater / Sleeper (2+1),23:10,08:50,09h 40m,INR 777,19 Seats available,4.3
514,Delhi to Amritsar,Zingbus Plus,Bharat Benz A/C Seater /Sleeper (2+1),22:35,08:50,10h 15m,739,25 Seats available,4.7
515,Delhi to Amritsar,IntrCity SmartBus,A/C Seater / Sleeper (2+1),23:40,08:50,09h 10m,INR 721,22 Seats available,4.3
516,Delhi to Amritsar,IntrCity SmartBus,A/C Seater / Sleeper (2+1),22:40,07:30,08h 50m,INR 758,25 Seats available,4.8
517,Delhi to Amritsar,Golden Temple Volvo Bus Service,A/C Seater / Sleeper (2+2),00:15,09:10,08h 55m,INR 686,45 Seats available,2.7
518,Delhi to Amritsar,NueGo,Electric A/C Seater/Sleeper (2+1),22:25,07:50,09h 25m,569,22 Seats available,2.7
519,Delhi to Amritsar,Banjara Satguru Travels,A/C Seater / Sleeper (2+2),23:20,07:00,07h 40m,539,27 Seats available,2.5
520,Delhi to Amritsar,Banjara Satguru Travels,A/C Seater / Sleeper (2+2),00:10,07:35,07h 25m,496,33 Seats available,2.5
521,Delhi to Amritsar,SPEED BUS,Volvo A/C Semi Sleeper (2+2),12:30,21:30,09h 00m,499,30 Seats available,4.1
522,Delhi to Amritsar,IntrCity SmartBus,VE A/C Seater / Sleeper (2+1),00:30,09:20,08h 50m,INR 853,23 Seats available,4.3
523,Delhi to Amritsar,NEW KING BUS SERVICE,A/C Seater / Sleeper (2+2),23:35,06:30,06h 55m,INR 499,25 Seats available,3.4
524,Delhi to Amritsar,FlixBus,A/C Sleeper (2+1),23:25,07:55,08h 30m,INR 1038,6 Seats available,3.9
525,Delhi to Amritsar,Travel Point World LLP,A/C Seater / Sleeper (2+2),22:15,06:30,08h 15m,759,20 Seats available,1.3
526,Delhi to Amritsar,NueGo,Electric A/C Seater/Sleeper (2+1),10:25,19:50,09h 25m,467,9 Seats available,2.6
527,Delhi to Amritsar,Khurana Bus Service,Bharat Benz A/C Seater (2+2),13:50,22:40,08h 50m,INR 599,26 Seats available,3.3
528,Amritsar to Delhi,PEPSU (Punjab) - 67096,Volvo AC Seater (2+2),12:15,23:10,10h 55m,INR 1216,37 Seats available,2.7
529,Amritsar to Delhi,PEPSU (Punjab) - 67098,Volvo AC Seater (2+2),15:50,03:35,11h 45m,INR 1216,35 Seats available,3.3
530,Amritsar to Delhi,PEPSU (Punjab) - 67150,Volvo AC Seater (2+2),22:00,08:42,10h 42m,INR 1216,38 Seats available,3.9
531,Amritsar to Delhi,Yolo Bus,VE A/C Seater / Sleeper (2+1),22:11,06:28,08h 17m,INR 410,18 Seats available,4.5
532,Amritsar to Delhi,IntrCity SmartBus,A/C Seater / Sleeper (2+1),21:30,06:30,09h 00m,INR 365,38 Seats available,4.5
533,Amritsar to Delhi,Yolo Bus,VE A/C Seater / Sleeper (2+1),19:56,05:00,09h 04m,INR 459,24 Seats available,4.4
534,Amritsar to Delhi,AdZingbus Plus,Bharat Benz A/C Seater /Sleeper (2+1),20:20,06:40,10h 20m,482,28 Seats available,4.7
535,Amritsar to Delhi,Laxmi holidays,Bharat Benz A/C Sleeper (2+1),22:30,07:30,09h 00m,570,17 Seats available,4.3
536,Amritsar to Delhi,Laxmi holidays,Bharat Benz A/C Sleeper (2+1),21:50,06:30,08h 40m,570,25 Seats available,4.3
537,Amritsar to Delhi,R S YADAV SMART BUS PRIVATE LIMITED,Volvo Multi Axle B11R AC Seater\Sleeper (2+1),21:25,06:05,08h 40m,INR 599,25 Seats available,4.4
538,Amritsar to Delhi,AdIntrCity SmartBus,A/C Seater / Sleeper (2+1),23:00,06:50,07h 50m,INR 430,36 Seats available,4.4
539,Amritsar to Delhi,Laxmi holidays,Bharat Benz A/C Seater /Sleeper (2+1),19:30,05:00,09h 30m,499,28 Seats available,4.3
540,Amritsar to Delhi,IntrCity SmartBus,A/C Seater / Sleeper (2+1),22:30,06:45,08h 15m,INR 365,40 Seats available,4.4
541,Amritsar to Delhi,Laxmi holidays,VE A/C Sleeper (2+1),21:30,07:00,09h 30m,570,20 Seats available,4.3
542,Amritsar to Delhi,Laxmi holidays,Bharat Benz A/C Seater /Sleeper (2+1),21:00,06:20,09h 20m,380,40 Seats available,4.2
543,Amritsar to Delhi,Muskan Tour And Travels private Limited,Volvo Multi-Axle I-Shift B11R Semi Sleeper (2+2),22:15,05:55,07h 40m,508,17 Seats available,4.4
544,Amritsar to Delhi,IntrCity SmartBus,A/C Seater / Sleeper (2+1),20:45,05:55,09h 10m,INR 480,32 Seats available,4.4
545,Amritsar to Delhi,IntrCity SmartBus,Bharat Benz A/C Seater /Sleeper (2+1),21:15,06:05,08h 50m,INR 387,37 Seats available,4.1
546,Amritsar to Delhi,IntrCity SmartBus,Bharat Benz A/C Seater /Sleeper (2+1),22:00,06:40,08h 40m,INR 430,27 Seats available,4.1
547,Amritsar to Delhi,Golden Temple Express Volvo,A/C Seater / Sleeper (2+2),20:45,05:20,08h 35m,499,26 Seats available,3.5
548,Amritsar to Delhi,IntrCity SmartBus,A/C Seater / Sleeper (2+1),19:45,05:05,09h 20m,INR 642,16 Seats available,4.7
549,Amritsar to Delhi,Zingbus Plus,Scania A/C Semi Sleeper (2+2),21:10,06:05,08h 55m,359,31 Seats available,4.0
550,Amritsar to Delhi,ADTC tour and Travels,Bharat Benz A/C Seater /Sleeper (2+1),21:45,05:15,07h 30m,INR 550,26 Seats available,3.4
551,Amritsar to Delhi,Golden Temple Volvo Bus Service,A/C Seater / Sleeper (2+2),23:05,07:10,08h 05m,INR 686,38 Seats available,3.0
552,Amritsar to Delhi,IntrCity SmartBus,A/C Seater / Sleeper (2+1),20:30,05:45,09h 15m,INR 588,28 Seats available,3.4
553,Amritsar to Delhi,Banjara Satguru Travels,A/C Seater / Sleeper (2+2),23:05,07:55,08h 50m,INR 411,22 Seats available,2.4
554,Amritsar to Delhi,Kedara Bus,A/C Seater / Sleeper (2+1),21:00,05:00,08h 00m,999,36 Seats available,4.0
555,Amritsar to Delhi,NueGo,Electric A/C Seater/Sleeper (2+1),11:15,21:05,09h 50m,428,21 Seats available,3.8
556,Amritsar to Delhi,K.S Travels,A/C Semi Sleeper / Sleeper (2+2),22:30,05:30,07h 00m,INR 1000,50 Seats available,2.5
557,Amritsar to Delhi,IntrCity SmartBus,VE A/C Seater / Sleeper (2+1),21:00,05:55,08h 55m,INR 553,29 Seats available,4.3
558,Amritsar to Delhi,Golden Temple Express Volvo,A/C Seater / Sleeper (2+2),22:30,06:50,08h 20m,599,34 Seats available,3.8
559,Amritsar to Delhi,NueGo,Electric A/C Seater/Sleeper (2+1),22:45,08:25,09h 40m,475,34 Seats available,3.4
560,Amritsar to Delhi,Golden Temple Express Volvo,A/C Seater / Sleeper (2+2),22:40,06:30,07h 50m,499,34 Seats available,3.0
561,Amritsar to Delhi,SHREE SATGURU TRAVELS,A/C Seater / Sleeper (2+2),22:05,05:45,07h 40m,INR 499,38 Seats available,3.0
562,Amritsar to Delhi,Golden Temple Express Volvo,A/C Seater / Sleeper (2+2),22:30,06:50,08h 20m,499,34 Seats available,2.8
563,Amritsar to Delhi,FlixBus,A/C Sleeper (2+1),22:00,06:35,08h 35m,INR 548,12 Seats available,4.0
564,Amritsar to Delhi,Banjara Satguru Travels,A/C Seater / Sleeper (2+2),22:50,07:15,08h 25m,640,37 Seats available,2.2
565,Amritsar to Delhi,Khurana Bus Service,Bharat Benz A/C Seater (2+2),12:10,21:50,09h 40m,INR 599,30 Seats available,3.3
566,Amritsar to Delhi,Golden Temple Volvo Bus Service,A/C Seater / Sleeper (2+1),22:30,07:00,08h 30m,INR 886,11 Seats available,2.9
567,Delhi Airport to Patiala,Indo Canadian Transport Pvt. Ltd.,A/C Semi Sleeper (2+2),07:30,16:30,09h 00m,INR 2500,44 Seats available,4.1
568,Delhi Airport to Patiala,Indo Canadian Transport Pvt. Ltd.,A/C Semi Sleeper (2+2),07:30,13:30,06h 00m,INR 2500,44 Seats available,4.1
569,Delhi Airport to Patiala,Indo Canadian Transport Pvt. Ltd.,A/C Semi Sleeper (2+2),07:30,13:30,06h 00m,INR 2500,44 Seats available,4.1
570,Delhi Airport to Patiala,Indo Canadian Transport Pvt. Ltd.,A/C Sleeper (2+1),09:00,18:00,09h 00m,INR 3000,42 Seats available,4.1
571,Delhi Airport to Patiala,Indo Canadian Transport Pvt. Ltd.,A/C Sleeper (2+1),09:30,15:30,06h 00m,INR 3000,30 Seats available,4.1
572,Delhi Airport to Patiala,Indo Canadian Transport Pvt. Ltd.,A/C Sleeper (2+1),09:30,15:30,06h 00m,INR 3000,30 Seats available,4.1
573,Delhi Airport to Patiala,Indo Canadian Transport Pvt. Ltd.,A/C Sleeper (2+1),10:00,19:00,09h 00m,INR 3850,42 Seats available,4.1
574,Delhi Airport to Patiala,Indo Canadian Transport Pvt. Ltd.,A/C Semi Sleeper (2+2),11:30,17:30,06h 00m,INR 2500,51 Seats available,4.1
575,Delhi Airport to Patiala,Indo Canadian Transport Pvt. Ltd.,A/C Semi Sleeper (2+2),12:00,21:00,09h 00m,INR 2500,51 Seats available,4.1
576,Delhi Airport to Patiala,Indo Canadian Transport Pvt. Ltd.,A/C Sleeper (2+1),13:30,19:30,06h 00m,INR 3000,30 Seats available,4.1
577,Delhi Airport to Patiala,Indo Canadian Transport Pvt. Ltd.,A/C Sleeper (2+1),13:30,19:30,06h 00m,INR 3000,30 Seats available,4.1
578,Delhi Airport to Patiala,Indo Canadian Transport Pvt. Ltd.,A/C Sleeper (2+1),13:30,19:30,06h 00m,INR 3000,30 Seats available,4.1
579,Delhi Airport to Patiala,Indo Canadian Transport Pvt. Ltd.,A/C Semi Sleeper (2+2),14:30,23:30,09h 00m,INR 3000,30 Seats available,4.1
580,Delhi Airport to Patiala,Indo Canadian Transport Pvt. Ltd.,A/C Semi Sleeper (2+2),15:30,00:30,09h 00m,INR 3300,51 Seats available,4.1
581,Delhi Airport to Patiala,Indo Canadian Transport Pvt. Ltd.,A/C Semi Sleeper (2+2),15:30,00:30,09h 00m,INR 2500,51 Seats available,4.1
582,Delhi Airport to Patiala,Indo Canadian Transport Pvt. Ltd.,A/C Semi Sleeper (2+2),17:00,02:00,09h 00m,INR 2500,51 Seats available,4.1
583,Delhi Airport to Patiala,Indo Canadian Transport Pvt. Ltd.,A/C Semi Sleeper (2+2),17:30,23:30,06h 00m,INR 2500,51 Seats available,4.1
584,Delhi Airport to Patiala,Indo Canadian Transport Pvt. Ltd.,A/C Semi Sleeper (2+2),19:30,04:30,09h 00m,INR 2500,51 Seats available,4.1
585,Delhi Airport to Patiala,Indo Canadian Transport Pvt. Ltd.,A/C Semi Sleeper (2+2),20:30,02:30,06h 00m,INR 2500,51 Seats available,4.1
586,Delhi Airport to Patiala,Indo Canadian Transport Pvt. Ltd.,A/C Sleeper (2+1),22:00,07:00,09h 00m,INR 3000,42 Seats available,4.1
587,Delhi Airport to Patiala,Indo Canadian Transport Pvt. Ltd.,A/C Semi Sleeper (2+2),23:30,08:30,09h 00m,INR 2500,44 Seats available,4.1
588,Delhi Airport to Patiala,Indo Canadian Transport Pvt. Ltd.,A/C Semi Sleeper (2+2),23:30,05:30,06h 00m,INR 2500,44 Seats available,4.1
589,Amritsar to Delhi Airport,PEPSU (Punjab) - 67096,Volvo AC Seater (2+2),12:15,00:00,11h 45m,INR 1340,37 Seats available,3.8
590,Amritsar to Delhi Airport,PEPSU (Punjab) - 67098,Volvo AC Seater (2+2),15:50,04:15,12h 25m,INR 1340,35 Seats available,3.8
591,Amritsar to Delhi Airport,PEPSU (Punjab) - 67150,Volvo AC Seater (2+2),22:00,09:22,11h 22m,INR 1340,38 Seats available,3.8
592,Amritsar to Delhi Airport,Indo Canadian Transport Pvt. Ltd.,A/C Sleeper (2+1),08:00,19:00,11h 00m,INR 3000,42 Seats available,4.1
593,Amritsar to Delhi Airport,Indo Canadian Transport Pvt. Ltd.,A/C Semi Sleeper (2+2),14:00,01:00,11h 00m,INR 2500,44 Seats available,4.1
594,Amritsar to Delhi Airport,Indo Canadian Transport Pvt. Ltd.,A/C Sleeper (2+1),18:00,05:00,11h 00m,INR 2500,28 Seats available,4.1
595,Amritsar to Delhi Airport,Indo Canadian Transport Pvt. Ltd.,A/C Sleeper (2+1),21:55,08:55,11h 00m,INR 2500,30 Seats available,4.1
596,Amritsar to Delhi Airport,Indo Canadian Transport Pvt. Ltd.,A/C Semi Sleeper (2+2),10:03,21:08,11h 05m,INR 2500,44 Seats available,4.1
597,Amritsar to Delhi Airport,Indo Canadian Transport Pvt. Ltd.,A/C Sleeper (2+1),08:03,19:03,11h 00m,INR 3000,42 Seats available,4.1
598,Amritsar to Delhi Airport,Indo Canadian Transport Pvt. Ltd.,A/C Semi Sleeper (2+2),14:03,01:08,11h 05m,INR 2500,44 Seats available,4.1
599,Amritsar to Delhi Airport,Indo Canadian Transport Pvt. Ltd.,A/C Semi Sleeper (2+2),14:00,03:00,13h 00m,INR 3300,29 Seats available,4.1
600,Amritsar to Delhi Airport,Indo Canadian Transport Pvt. Ltd.,A/C Semi Sleeper (2+2),16:00,03:00,11h 00m,INR 2500,51 Seats available,4.1
601,Amritsar to Delhi Airport,Indo Canadian Transport Pvt. Ltd.,A/C Sleeper (2+1),18:00,07:00,13h 00m,INR 3850,38 Seats available,4.1
602,Amritsar to Delhi Airport,Indo Canadian Transport Pvt. Ltd.,A/C Semi Sleeper (2+2),16:00,05:00,13h 00m,INR 2500,51 Seats available,4.1
603,Amritsar to Delhi Airport,Indo Canadian Transport Pvt. Ltd.,A/C Sleeper (2+1),08:00,21:00,13h 00m,INR 3000,42 Seats available,4.1
604,Amritsar to Delhi Airport,Indo Canadian Transport Pvt. Ltd.,A/C Semi Sleeper (2+2),21:55,11:05,13h 10m,INR 3000,30 Seats available,4.1
605,Amritsar to Delhi Airport,Indo Canadian Transport Pvt. Ltd.,A/C Sleeper (2+1),12:00,01:10,13h 10m,INR 3000,42 Seats available,4.1
606,Amritsar to Delhi Airport,Indo Canadian Transport Pvt. Ltd.,A/C Sleeper (2+1),12:00,01:00,13h 00m,INR 3850,42 Seats available,4.1
607,Amritsar to Delhi Airport,Indo Canadian Transport Pvt. Ltd.,A/C Semi Sleeper (2+2),21:55,10:55,13h 00m,INR 3300,51 Seats available,4.1
608,Amritsar to Delhi Airport,Indo Canadian Transport Pvt. Ltd.,A/C Semi Sleeper (2+2),10:00,23:00,13h 00m,INR 3300,44 Seats available,4.1
609,Amritsar to Delhi Airport,Indo Canadian Transport Pvt. Ltd.,A/C Sleeper (2+1),12:00,01:00,13h 00m,INR 3850,42 Seats available,4.1
610,Amritsar to Delhi Airport,Indo Canadian Transport Pvt. Ltd.,A/C Semi Sleeper (2+2),21:00,10:00,13h 00m,INR 3300,44 Seats available,4.1
611,Kapurthala to Delhi,PEPSU (Punjab) - 67162,Volvo AC Seater (2+2),11:25,22:30,11h 05m,INR 1078,34 Seats available,3.8
612,Kapurthala to Delhi,PEPSU (Punjab) - 67135,Volvo AC Seater (2+2),14:22,01:33,11h 11m,INR 1078,38 Seats available,3.8
613,Delhi Airport to Jalandhar,PEPSU (Punjab) - 67123,Volvo AC Seater (2+2),12:10,21:10,09h 00m,INR 1130,39 Seats available,2.8
614,Delhi Airport to Jalandhar,PEPSU (Punjab) - 67132,Volvo AC Seater (2+2),15:50,00:50,09h 00m,INR 1130,39 Seats available,2.8
615,Delhi Airport to Jalandhar,PEPSU (Punjab) - 67121,Volvo AC Seater (2+2),21:00,06:20,09h 20m,INR 1130,37 Seats available,2.8
616,Delhi Airport to Jalandhar,PEPSU (Punjab) - 67064,Volvo AC Seater (2+2),23:58,08:58,09h 00m,INR 1130,38 Seats available,2.8
617,Delhi Airport to Jalandhar,Zingbus Plus,Bharat Benz A/C Seater /Sleeper (2+1),17:20,04:20,11h 00m,1517,2 Seats available,4.3
618,Delhi Airport to Jalandhar,Zingbus Plus,Scania A/C Semi Sleeper (2+2),19:50,06:20,10h 30m,1157,15 Seats available,4.3
619,Delhi Airport to Jalandhar,Indo Canadian Transport Pvt. Ltd.,A/C Sleeper (2+1),10:00,21:45,11h 45m,INR 3850,40 Seats available,4.1
620,Delhi Airport to Jalandhar,Indo Canadian Transport Pvt. Ltd.,A/C Sleeper (2+1),22:00,09:45,11h 45m,INR 3850,40 Seats available,4.1
621,Delhi Airport to Jalandhar,Indo Canadian Transport Pvt. Ltd.,A/C Semi Sleeper (2+2),15:30,03:15,11h 45m,INR 3300,51 Seats available,4.1
622,Delhi Airport to Jalandhar,Indo Canadian Transport Pvt. Ltd.,A/C Semi Sleeper (2+2),16:30,04:15,11h 45m,INR 3300,51 Seats available,4.1
623,Delhi Airport to Jalandhar,Indo Canadian Transport Pvt. Ltd.,A/C Semi Sleeper (2+2),23:30,11:15,11h 45m,INR 3300,38 Seats available,4.1
624,Delhi Airport to Jalandhar,Indo Canadian Transport Pvt. Ltd.,A/C Semi Sleeper (2+2),08:00,19:45,11h 45m,INR 3300,42 Seats available,4.1
625,Delhi Airport to Jalandhar,Indo Canadian Transport Pvt. Ltd.,A/C Semi Sleeper (2+2),12:00,23:45,11h 45m,INR 2500,51 Seats available,4.1
626,Delhi Airport to Jalandhar,Indo Canadian Transport Pvt. Ltd.,A/C Semi Sleeper (2+2),14:30,02:15,11h 45m,INR 3000,30 Seats available,4.1
627,Delhi Airport to Jalandhar,Indo Canadian Transport Pvt. Ltd.,A/C Semi Sleeper (2+2),19:30,07:15,11h 45m,INR 2500,51 Seats available,4.1
628,Delhi Airport to Jalandhar,Indo Canadian Transport Pvt. Ltd.,A/C Semi Sleeper (2+2),20:30,05:15,08h 45m,INR 2500,51 Seats available,4.1
629,Delhi Airport to Jalandhar,Indo Canadian Transport Pvt. Ltd.,A/C Semi Sleeper (2+2),17:30,02:15,08h 45m,INR 2500,51 Seats available,4.1
630,Delhi Airport to Jalandhar,Indo Canadian Transport Pvt. Ltd.,A/C Semi Sleeper (2+2),07:30,16:15,08h 45m,INR 2500,44 Seats available,4.1
631,Delhi Airport to Jalandhar,Indo Canadian Transport Pvt. Ltd.,A/C Semi Sleeper (2+2),23:30,08:15,08h 45m,INR 2500,44 Seats available,4.1
632,Delhi Airport to Jalandhar,Indo Canadian Transport Pvt. Ltd.,A/C Semi Sleeper (2+2),07:30,19:15,11h 45m,INR 2500,44 Seats available,4.1
633,Delhi Airport to Jalandhar,Indo Canadian Transport Pvt. Ltd.,A/C Semi Sleeper (2+2),23:30,11:15,11h 45m,INR 2500,44 Seats available,4.1
634,Chandigarh to Bathinda,Chandigarh Transport Undertaking (CTU) - 165965,HVAC Seater (2+3),15:10,20:40,05h 30m,INR 371.43,47 Seats available,4.4
635,Chandigarh to Bathinda,Orbit Aviation Pvt. Ltd.,A/C Seater (2+2),07:50,12:00,04h 10m,INR 600,46 Seats available,3.8
636,Chandigarh to Bathinda,Orbit Aviation Pvt. Ltd.,A/C Seater (2+2),08:50,13:00,04h 10m,INR 600,37 Seats available,3.3
637,Chandigarh to Bathinda,Orbit Aviation Pvt. Ltd.,A/C Seater (2+2),11:00,14:55,03h 55m,INR 600,49 Seats available,3.6
638,Chandigarh to Bathinda,Orbit Aviation Pvt. Ltd.,A/C Seater (2+2),12:00,15:50,03h 50m,INR 600,46 Seats available,3.7
639,Chandigarh to Bathinda,Orbit Aviation Pvt. Ltd.,A/C Seater (2+2),14:05,18:20,04h 15m,INR 600,35 Seats available,3.6
640,Chandigarh to Bathinda,Orbit Aviation Pvt. Ltd.,A/C Seater (2+2),14:50,18:40,03h 50m,INR 500,44 Seats available,4.1
641,Chandigarh to Bathinda,Orbit Aviation Pvt. Ltd.,A/C Seater (2+2),15:25,19:10,03h 45m,INR 500,37 Seats available,4.2
642,Chandigarh to Bathinda,Orbit Aviation Pvt. Ltd.,A/C Seater (2+2),16:55,20:40,03h 45m,INR 600,42 Seats available,3.5
643,Chandigarh to Bathinda,RATHORE TRAVELS AGENCY,AC Sleeper (2+1),18:30,23:15,04h 45m,INR 700,18 Seats available,4.8
644,Chandigarh to Bathinda,Zimindara Travels,AC Sleeper (2+1),20:00,01:30,05h 30m,INR 810,9 Seats available,4.0
645,Chandigarh to Bathinda,Rajpreet Travels and cargo,A/C Sleeper (2+1),20:00,01:15,05h 15m,INR 666,36 Seats available,3.4
646,Chandigarh to Bathinda,Zimindara Travels,AC Sleeper (2+1),20:30,01:50,05h 20m,INR 810,36 Seats available,4.0
647,Chandigarh to Bathinda,Rajpreet Travels and cargo,A/C Sleeper (2+1),20:40,02:00,05h 20m,INR 858,33 Seats available,3.4
648,Chandigarh to Bathinda,New deep bus service,Volvo Multi-Axle A/C Seater (2+2),12:35,16:40,04h 05m,INR 571.43,20 Seats available,2.7
649,Chandigarh to Bathinda,Orbit Aviation Pvt. Ltd.,A/C Seater (2+2),13:30,17:30,04h 00m,INR 600,44 Seats available,2.7
650,Chandigarh to Bathinda,AMBIKA MISHRA TRAVELS,AC Sleeper (2+1),20:40,01:10,04h 30m,INR 750,32 Seats available,2.5
651,Chandigarh to Bathinda,Rajpreet Travels and cargo,A/C Sleeper (2+1),19:00,23:00,04h 00m,INR 950,19 Seats available,3.4
652,Chandigarh to Bathinda,Rajpreet Travels and cargo,A/C Sleeper (2+1),21:00,01:30,04h 30m,INR 905,24 Seats available,3.4
653,Chandigarh to Faridkot,Jujhar Travels,Non AC Seater (2+3),07:00,13:00,06h 00m,INR 300,47 Seats available,4.2
654,Chandigarh to Faridkot,Jujhar Travels,Volvo A/C Semi Sleeper (2+2),16:20,20:45,04h 25m,INR 600,34 Seats available,4.3
655,Chandigarh to Patiala,Orbit Aviation Pvt. Ltd.,A/C Seater (2+2),07:50,09:50,02h 00m,INR 200,44 Seats available,3.8
656,Chandigarh to Patiala,Orbit Aviation Pvt. Ltd.,A/C Seater (2+2),08:50,10:25,01h 35m,INR 200,44 Seats available,4.8
657,Chandigarh to Patiala,Orbit Aviation Pvt. Ltd.,A/C Seater (2+2),11:00,12:30,01h 30m,INR 200,49 Seats available,4.6
658,Chandigarh to Patiala,Orbit Aviation Pvt. Ltd.,A/C Seater (2+2),12:00,13:30,01h 30m,INR 200,49 Seats available,3.3
659,Chandigarh to Patiala,Orbit Aviation Pvt. Ltd.,A/C Seater (2+2),14:50,16:30,01h 40m,INR 200,44 Seats available,3.7
660,Chandigarh to Patiala,Orbit Aviation Pvt. Ltd.,A/C Seater (2+2),15:25,16:45,01h 20m,INR 200,38 Seats available,3.7
661,Chandigarh to Patiala,Orbit Aviation Pvt. Ltd.,A/C Seater (2+2),13:30,15:20,01h 50m,INR 200,45 Seats available,2.3
662,Chandigarh to Patiala,Orbit Aviation Pvt. Ltd.,A/C Seater (2+2),13:55,15:40,01h 45m,INR 200,45 Seats available,2.5
663,Chandigarh to Patiala,Orbit Aviation Pvt. Ltd.,A/C Seater (2+2),16:55,18:30,01h 35m,INR 200,43 Seats available,2.7
